city,time,weather_code (wmo code),temperature_2m_mean (°F),temperature_2m_max (°F),temperature_2m_min (°F),sunrise (iso8601),sunset (iso8601),rain_sum (inch),snowfall_sum (inch),wind_speed_10m_max (mp/h),sunshine_duration (s),visibility_mean (undefined),surface_pressure_mean (hPa),relative_humidity_2m_mean (%),cloud_cover_mean (%),precipitation_probability_mean (undefined)
Denver,2024-01-01,3,30.3,49.6,19.7,2024-01-01T14:21,2024-01-01T23:45,0.0,0.0,5.2,28895.93,,838.1,57,30,
Denver,2024-01-02,3,30.3,44.4,19.9,2024-01-02T14:21,2024-01-02T23:46,0.0,0.0,7.8,28895.34,,838.8,62,20,
Denver,2024-01-03,3,27.4,43.5,18.1,2024-01-03T14:21,2024-01-03T23:47,0.0,0.0,7.5,29568.71,,835.9,58,8,
Denver,2024-01-04,71,27.2,34.3,20.5,2024-01-04T14:21,2024-01-04T23:48,0.0,0.028,6.1,11486.54,,833.3,65,92,
Denver,2024-01-05,3,28.9,40.1,20.8,2024-01-05T14:21,2024-01-05T23:49,0.0,0.0,6.0,26918.11,,832.3,68,80,
Denver,2024-01-06,73,26.7,37.1,18.7,2024-01-06T14:21,2024-01-06T23:50,0.0,0.22,9.2,28800.0,,831.6,58,46,
Denver,2024-01-07,3,24.3,33.8,17.5,2024-01-07T14:21,2024-01-07T23:51,0.0,0.0,7.9,27031.04,,825.1,48,92,
Denver,2024-01-08,71,25.6,29.3,21.1,2024-01-08T14:21,2024-01-08T23:52,0.0,0.276,21.5,26227.59,,828.4,53,83,
Denver,2024-01-09,3,24.6,40.8,16.9,2024-01-09T14:21,2024-01-09T23:53,0.0,0.0,9.8,28200.46,,829.4,40,40,
Denver,2024-01-10,71,30.2,36.2,24.3,2024-01-10T14:20,2024-01-10T23:54,0.0,0.11,24.2,29149.97,,821.4,41,63,
Denver,2024-01-11,3,24.7,30.3,21.3,2024-01-11T14:20,2024-01-11T23:55,0.0,0.0,15.4,20108.97,,820.9,50,88,
Denver,2024-01-12,3,18.0,34.7,6.6,2024-01-12T14:20,2024-01-12T23:56,0.0,0.0,14.8,28956.1,,826.5,46,52,
Denver,2024-01-13,73,7.3,28.6,-4.3,2024-01-13T14:20,2024-01-13T23:57,0.0,1.268,20.9,23659.08,,829.6,61,98,
Denver,2024-01-14,73,-6.6,-2.6,-11.0,2024-01-14T14:19,2024-01-14T23:58,0.0,0.661,7.8,19470.34,,833.3,70,99,
Denver,2024-01-15,73,-5.0,1.0,-11.8,2024-01-15T14:19,2024-01-15T23:59,0.0,1.295,14.9,12169.48,,835.7,78,97,
Denver,2024-01-16,3,-10.6,20.1,-34.0,2024-01-16T14:19,2024-01-17T00:00,0.0,0.0,10.4,30871.02,,829.8,63,29,
Denver,2024-01-17,3,16.2,33.4,1.0,2024-01-17T14:18,2024-01-18T00:01,0.0,0.0,8.5,23341.42,,822.9,67,91,
Denver,2024-01-18,3,23.9,41.5,14.1,2024-01-18T14:18,2024-01-19T00:02,0.0,0.0,13.5,28800.0,,827.2,76,63,
Denver,2024-01-19,3,14.2,21.7,8.4,2024-01-19T14:17,2024-01-20T00:03,0.0,0.0,8.1,29616.12,,844.9,81,92,
Denver,2024-01-20,3,19.0,32.5,12.3,2024-01-20T14:17,2024-01-21T00:04,0.0,0.0,4.3,25214.11,,837.9,86,92,
Denver,2024-01-21,3,27.9,40.1,18.1,2024-01-21T14:16,2024-01-22T00:06,0.0,0.0,7.6,14614.4,,827.5,79,98,
Denver,2024-01-22,3,29.3,43.0,19.8,2024-01-22T14:15,2024-01-23T00:07,0.0,0.0,7.2,30061.04,,828.5,80,64,
Denver,2024-01-23,3,28.2,39.8,16.8,2024-01-23T14:15,2024-01-24T00:08,0.0,0.0,6.8,28825.14,,831.0,76,37,
Denver,2024-01-24,3,29.1,45.1,18.1,2024-01-24T14:14,2024-01-25T00:09,0.0,0.0,6.3,31603.49,,832.2,70,48,
Denver,2024-01-25,3,29.6,45.9,19.9,2024-01-25T14:13,2024-01-26T00:10,0.0,0.0,4.8,31514.67,,833.0,67,45,
Denver,2024-01-26,73,32.4,35.9,27.4,2024-01-26T14:13,2024-01-27T00:11,0.012,1.488,6.5,10543.28,,838.4,80,96,
Denver,2024-01-27,3,23.8,39.0,12.2,2024-01-27T14:12,2024-01-28T00:13,0.0,0.0,8.1,32232.54,,841.6,76,18,
Denver,2024-01-28,1,28.3,52.6,17.3,2024-01-28T14:11,2024-01-29T00:14,0.0,0.0,7.2,32232.64,,841.3,67,2,
Denver,2024-01-29,51,33.1,54.3,23.1,2024-01-29T14:10,2024-01-30T00:15,0.004,0.0,7.9,31545.09,,842.5,70,40,
Denver,2024-01-30,0,34.8,53.5,22.4,2024-01-30T14:09,2024-01-31T00:16,0.0,0.0,6.0,32724.11,,841.6,68,0,
Denver,2024-01-31,3,34.6,55.8,21.6,2024-01-31T14:09,2024-02-01T00:17,0.0,0.0,5.7,31582.01,,837.1,60,24,
Denver,2024-02-01,3,38.8,56.2,27.1,2024-02-01T14:08,2024-02-02T00:19,0.0,0.0,6.3,30056.56,,831.9,59,51,
Denver,2024-02-02,3,34.7,53.3,23.8,2024-02-02T14:07,2024-02-03T00:20,0.0,0.0,10.1,27286.94,,825.5,68,71,
Denver,2024-02-03,75,34.9,43.1,32.5,2024-02-03T14:06,2024-02-04T00:21,0.315,6.614,10.8,3124.35,,822.1,88,99,
Denver,2024-02-04,75,24.6,33.4,12.1,2024-02-04T14:05,2024-02-05T00:22,0.028,2.535,5.4,30244.29,,830.2,85,45,
Denver,2024-02-05,3,13.7,33.3,-1.0,2024-02-05T14:04,2024-02-06T00:23,0.0,0.0,7.0,33719.51,,833.3,73,9,
Denver,2024-02-06,3,24.6,43.7,10.0,2024-02-06T14:03,2024-02-07T00:24,0.0,0.0,9.1,32531.94,,829.5,73,89,
Denver,2024-02-07,71,34.4,42.6,21.6,2024-02-07T14:02,2024-02-08T00:26,0.012,0.028,11.6,22848.89,,820.0,73,63,
Denver,2024-02-08,3,29.8,43.9,19.3,2024-02-08T14:01,2024-02-09T00:27,0.0,0.0,9.7,28644.27,,819.8,70,73,
Denver,2024-02-09,3,23.4,39.6,10.8,2024-02-09T13:59,2024-02-10T00:28,0.0,0.0,6.5,27431.04,,827.6,74,61,
Denver,2024-02-10,73,26.2,30.4,18.9,2024-02-10T13:58,2024-02-11T00:29,0.0,1.213,10.5,3600.0,,833.2,86,96,
Denver,2024-02-11,71,18.4,33.1,2.8,2024-02-11T13:57,2024-02-12T00:30,0.0,0.083,7.8,30874.56,,835.7,75,28,
Denver,2024-02-12,3,20.0,47.3,8.1,2024-02-12T13:56,2024-02-13T00:32,0.0,0.0,5.8,33013.59,,832.8,67,26,
Denver,2024-02-13,3,24.4,47.0,10.6,2024-02-13T13:55,2024-02-14T00:33,0.0,0.0,7.0,34629.1,,830.6,68,25,
Denver,2024-02-14,3,24.5,45.1,10.6,2024-02-14T13:53,2024-02-15T00:34,0.0,0.0,6.5,34710.63,,829.3,69,28,
Denver,2024-02-15,3,26.6,43.6,12.5,2024-02-15T13:52,2024-02-16T00:35,0.0,0.0,5.2,34787.67,,834.0,71,46,
Denver,2024-02-16,3,28.7,38.8,22.6,2024-02-16T13:51,2024-02-17T00:36,0.0,0.0,14.5,20242.1,,837.6,76,85,
Denver,2024-02-17,73,19.7,31.9,6.9,2024-02-17T13:50,2024-02-18T00:37,0.0,1.13,14.3,31057.44,,844.0,76,54,
Denver,2024-02-18,3,17.3,38.8,3.7,2024-02-18T13:48,2024-02-19T00:39,0.0,0.0,5.3,31511.84,,832.4,64,37,
Denver,2024-02-19,3,31.6,51.4,16.1,2024-02-19T13:47,2024-02-20T00:40,0.0,0.0,14.6,31513.75,,831.0,63,30,
Denver,2024-02-20,3,33.2,59.5,16.3,2024-02-20T13:46,2024-02-21T00:41,0.0,0.0,11.2,35222.58,,833.2,67,49,
Denver,2024-02-21,3,37.4,58.9,24.4,2024-02-21T13:44,2024-02-22T00:42,0.0,0.0,11.5,35279.74,,831.7,69,68,
Denver,2024-02-22,71,34.0,47.7,23.9,2024-02-22T13:43,2024-02-23T00:43,0.004,0.055,12.5,35860.61,,835.4,66,22,
Denver,2024-02-23,1,32.2,49.6,21.9,2024-02-23T13:42,2024-02-24T00:44,0.0,0.0,9.8,35791.61,,839.2,59,9,
Denver,2024-02-24,2,35.2,59.1,20.1,2024-02-24T13:40,2024-02-25T00:45,0.0,0.0,13.2,36332.79,,835.9,46,16,
Denver,2024-02-25,3,40.1,62.0,27.1,2024-02-25T13:39,2024-02-26T00:47,0.0,0.0,11.8,36445.42,,831.4,40,9,
Denver,2024-02-26,3,45.9,60.4,28.7,2024-02-26T13:37,2024-02-27T00:48,0.0,0.0,22.1,36751.82,,828.8,39,40,
Denver,2024-02-27,75,35.6,54.1,28.7,2024-02-27T13:36,2024-02-28T00:49,0.0,1.295,18.0,26266.27,,821.9,63,66,
Denver,2024-02-28,3,29.8,51.4,16.9,2024-02-28T13:34,2024-02-29T00:50,0.0,0.0,18.2,35939.87,,836.8,33,27,
Denver,2024-02-29,1,35.0,57.7,21.6,2024-02-29T13:33,2024-03-01T00:51,0.0,0.0,7.6,37208.62,,833.0,56,2,
Denver,2024-03-01,3,37.9,58.5,24.2,2024-03-01T13:31,2024-03-02T00:52,0.0,0.0,9.5,37511.68,,829.7,54,42,
Denver,2024-03-02,3,39.9,62.4,24.3,2024-03-02T13:30,2024-03-03T00:53,0.0,0.0,20.4,37580.0,,825.7,54,16,
Denver,2024-03-03,73,42.5,57.2,31.5,2024-03-03T13:28,2024-03-04T00:54,0.02,0.248,16.6,37647.92,,822.9,36,75,
Denver,2024-03-04,3,34.3,49.5,22.8,2024-03-04T13:27,2024-03-05T00:55,0.0,0.0,11.4,33281.99,,830.1,49,45,
Denver,2024-03-05,3,33.8,46.8,23.3,2024-03-05T13:25,2024-03-06T00:56,0.0,0.0,7.6,34182.58,,834.7,54,39,
Denver,2024-03-06,3,35.9,55.8,23.0,2024-03-06T13:24,2024-03-07T00:57,0.0,0.0,10.5,33852.73,,830.4,63,36,
Denver,2024-03-07,3,36.5,50.5,26.1,2024-03-07T13:22,2024-03-08T00:59,0.0,0.0,11.1,26733.25,,829.9,66,78,
Denver,2024-03-08,71,31.3,38.2,26.8,2024-03-08T13:21,2024-03-09T01:00,0.012,0.358,10.3,1905.95,,838.7,75,100,
Denver,2024-03-09,3,30.3,51.7,17.0,2024-03-09T13:19,2024-03-10T01:01,0.0,0.0,6.3,32637.75,,840.9,54,9,
Denver,2024-03-10,2,37.3,59.5,22.5,2024-03-10T13:17,2024-03-11T01:02,0.0,0.0,6.5,38515.15,,836.3,44,4,
Denver,2024-03-11,3,39.5,61.6,24.4,2024-03-11T13:16,2024-03-12T01:03,0.0,0.0,6.5,33223.09,,832.5,52,75,
Denver,2024-03-12,3,40.4,58.0,24.5,2024-03-12T13:14,2024-03-13T01:04,0.0,0.0,10.1,38017.43,,831.2,55,65,
Denver,2024-03-13,73,42.2,55.1,30.8,2024-03-13T13:13,2024-03-14T01:05,0.083,0.165,11.6,31370.59,,829.7,67,92,
Denver,2024-03-14,75,33.7,40.1,31.4,2024-03-14T13:11,2024-03-15T01:06,0.39,6.228,15.4,0.0,,836.5,94,100,
Denver,2024-03-15,73,32.2,37.9,27.4,2024-03-15T13:10,2024-03-16T01:07,0.004,1.764,11.3,28800.0,,843.9,91,95,
Denver,2024-03-16,3,23.4,41.3,5.1,2024-03-16T13:08,2024-03-17T01:08,0.0,0.0,7.0,38368.26,,836.5,80,38,
Denver,2024-03-17,3,31.3,40.8,18.1,2024-03-17T13:07,2024-03-18T01:09,0.0,0.0,7.4,38556.67,,839.3,78,63,
Denver,2024-03-18,3,28.8,51.0,14.0,2024-03-18T13:05,2024-03-19T01:10,0.0,0.0,5.7,38435.38,,839.9,77,30,
Denver,2024-03-19,0,35.8,56.9,20.2,2024-03-19T13:03,2024-03-20T01:11,0.0,0.0,5.8,40472.07,,836.4,61,0,
Denver,2024-03-20,2,36.0,55.7,21.2,2024-03-20T13:02,2024-03-21T01:12,0.0,0.0,5.1,40631.68,,834.4,68,5,
Denver,2024-03-21,1,40.9,62.6,23.7,2024-03-21T13:00,2024-03-22T01:13,0.0,0.0,7.0,40791.19,,832.8,60,3,
Denver,2024-03-22,3,44.5,60.3,26.2,2024-03-22T12:58,2024-03-23T01:14,0.0,0.0,13.5,40950.48,,837.3,53,34,
Denver,2024-03-23,3,42.6,64.1,25.3,2024-03-23T12:57,2024-03-24T01:15,0.0,0.0,10.3,38786.74,,832.3,61,56,
Denver,2024-03-24,71,40.6,57.7,26.8,2024-03-24T12:55,2024-03-25T01:16,0.106,0.028,16.8,38691.59,,818.3,68,71,
Denver,2024-03-25,75,26.7,41.5,19.2,2024-03-25T12:53,2024-03-26T01:17,0.075,2.067,18.8,21111.49,,825.7,68,100,
Denver,2024-03-26,3,25.2,43.4,12.6,2024-03-26T12:52,2024-03-27T01:18,0.0,0.0,8.4,38121.55,,828.4,60,64,
Denver,2024-03-27,3,33.1,49.4,18.4,2024-03-27T12:50,2024-03-28T01:19,0.0,0.0,7.2,37255.39,,833.1,52,52,
Denver,2024-03-28,3,35.7,58.9,20.6,2024-03-28T12:49,2024-03-29T01:20,0.0,0.0,9.7,41381.53,,833.1,56,62,
Denver,2024-03-29,73,38.8,55.0,27.8,2024-03-29T12:47,2024-03-30T01:21,0.0,0.138,8.5,35965.95,,828.8,64,77,
Denver,2024-03-30,53,39.6,57.3,27.5,2024-03-30T12:45,2024-03-31T01:22,0.024,0.0,10.7,35259.91,,832.5,81,85,
Denver,2024-03-31,3,41.5,62.8,26.5,2024-03-31T12:44,2024-04-01T01:23,0.0,0.0,8.5,40512.84,,826.4,72,42,
Denver,2024-04-01,61,42.7,60.3,33.4,2024-04-01T12:42,2024-04-02T01:24,0.102,0.0,9.1,36715.49,,828.9,75,90,
Denver,2024-04-02,73,39.5,55.5,25.3,2024-04-02T12:41,2024-04-03T01:25,0.106,0.193,11.3,39138.22,,838.6,70,25,
Denver,2024-04-03,3,48.6,66.2,33.2,2024-04-03T12:39,2024-04-04T01:26,0.0,0.0,9.0,42811.62,,839.3,44,19,
Denver,2024-04-04,3,48.2,71.6,28.3,2024-04-04T12:38,2024-04-05T01:27,0.0,0.0,8.5,42922.2,,834.7,52,14,
Denver,2024-04-05,3,52.7,72.1,34.3,2024-04-05T12:36,2024-04-06T01:28,0.0,0.0,19.4,42833.48,,829.7,43,68,
Denver,2024-04-06,71,47.6,68.1,41.7,2024-04-06T12:34,2024-04-07T01:29,0.02,0.165,38.5,15509.34,,821.1,35,81,
Denver,2024-04-07,3,42.4,54.6,34.5,2024-04-07T12:33,2024-04-08T01:30,0.0,0.0,46.9,39598.23,,825.6,28,58,
Denver,2024-04-08,2,39.8,54.7,23.6,2024-04-08T12:31,2024-04-09T01:31,0.0,0.0,21.0,43200.0,,833.2,43,18,
Denver,2024-04-09,2,42.6,59.5,26.6,2024-04-09T12:30,2024-04-10T01:32,0.0,0.0,6.3,43200.0,,836.8,43,11,
Denver,2024-04-10,3,47.0,58.6,34.8,2024-04-10T12:28,2024-04-11T01:33,0.0,0.0,9.4,43200.0,,838.1,40,41,
Denver,2024-04-11,3,46.4,58.9,35.2,2024-04-11T12:27,2024-04-12T01:34,0.0,0.0,11.5,43200.0,,842.2,50,36,
Denver,2024-04-12,2,50.3,74.5,31.9,2024-04-12T12:25,2024-04-13T01:35,0.0,0.0,7.1,43200.0,,838.4,45,6,
Denver,2024-04-13,51,58.8,75.1,40.0,2024-04-13T12:24,2024-04-14T01:36,0.016,0.0,9.9,43200.0,,837.2,35,59,
Denver,2024-04-14,2,57.4,79.9,36.3,2024-04-14T12:22,2024-04-15T01:37,0.0,0.0,11.2,42794.95,,836.9,38,7,
Denver,2024-04-15,3,58.1,78.4,37.4,2024-04-15T12:21,2024-04-16T01:38,0.0,0.0,21.1,43324.01,,828.9,26,10,
Denver,2024-04-16,71,52.2,65.1,41.7,2024-04-16T12:19,2024-04-17T01:39,0.071,0.028,25.2,31404.55,,829.3,45,73,
Denver,2024-04-17,3,54.4,70.4,40.8,2024-04-17T12:18,2024-04-18T01:40,0.0,0.0,17.1,39772.25,,834.7,38,50,
Denver,2024-04-18,71,41.2,71.0,33.5,2024-04-18T12:16,2024-04-19T01:41,0.0,0.055,18.1,18245.61,,841.6,60,83,
Denver,2024-04-19,51,36.9,45.1,32.4,2024-04-19T12:15,2024-04-20T01:42,0.008,0.0,12.0,8120.4,,842.7,66,98,
Denver,2024-04-20,75,35.5,42.8,31.8,2024-04-20T12:13,2024-04-21T01:43,0.035,1.571,11.1,18939.3,,845.0,79,98,
Denver,2024-04-21,3,39.3,64.0,27.9,2024-04-21T12:12,2024-04-22T01:44,0.0,0.0,8.8,35928.67,,845.9,72,54,
Denver,2024-04-22,3,54.4,76.3,36.5,2024-04-22T12:11,2024-04-23T01:45,0.0,0.0,14.9,44193.22,,835.3,46,73,
Denver,2024-04-23,51,52.2,72.0,40.3,2024-04-23T12:09,2024-04-24T01:46,0.008,0.0,11.3,43924.08,,837.6,43,63,
Denver,2024-04-24,51,53.9,73.6,36.2,2024-04-24T12:08,2024-04-25T01:47,0.012,0.0,11.7,43410.76,,839.4,58,29,
Denver,2024-04-25,53,55.5,72.2,37.9,2024-04-25T12:07,2024-04-26T01:48,0.039,0.0,9.7,43078.95,,832.2,55,25,
Denver,2024-04-26,53,54.7,64.8,45.4,2024-04-26T12:05,2024-04-27T01:49,0.091,0.0,11.1,38813.62,,826.9,61,82,
Denver,2024-04-27,75,43.5,60.4,36.1,2024-04-27T12:04,2024-04-28T01:50,1.346,1.157,11.9,3341.42,,831.2,87,100,
Denver,2024-04-28,55,43.1,58.3,33.3,2024-04-28T12:03,2024-04-29T01:51,0.185,0.0,9.4,28800.0,,834.7,78,64,
Denver,2024-04-29,3,49.3,67.4,33.6,2024-04-29T12:02,2024-04-30T01:52,0.0,0.0,8.5,44564.97,,834.6,56,63,
Denver,2024-04-30,3,52.8,72.4,36.2,2024-04-30T12:00,2024-05-01T01:53,0.0,0.0,8.0,45978.01,,832.0,49,8,
Denver,2024-05-01,51,53.7,71.8,38.1,2024-05-01T11:59,2024-05-02T01:54,0.004,0.0,20.7,45975.65,,833.0,50,38,
Denver,2024-05-02,55,48.6,61.7,36.4,2024-05-02T11:58,2024-05-03T01:55,0.067,0.0,13.1,45231.8,,834.5,62,33,
Denver,2024-05-03,3,53.7,73.5,37.4,2024-05-03T11:57,2024-05-04T01:56,0.0,0.0,19.6,46490.32,,833.6,47,51,
Denver,2024-05-04,3,47.6,64.9,35.2,2024-05-04T11:55,2024-05-05T01:57,0.0,0.0,18.1,45335.47,,840.2,52,43,
Denver,2024-05-05,3,54.9,77.0,35.8,2024-05-05T11:54,2024-05-06T01:58,0.0,0.0,18.5,33154.64,,832.2,48,57,
Denver,2024-05-06,51,56.9,75.2,48.0,2024-05-06T11:53,2024-05-07T01:59,0.012,0.0,37.2,47109.59,,823.7,26,55,
Denver,2024-05-07,51,49.3,60.4,39.3,2024-05-07T11:52,2024-05-08T02:00,0.004,0.0,12.8,41906.99,,826.3,32,54,
Denver,2024-05-08,2,46.5,57.7,34.2,2024-05-08T11:51,2024-05-09T02:01,0.0,0.0,13.7,47269.12,,829.7,33,24,
Denver,2024-05-09,51,46.4,55.4,39.6,2024-05-09T11:50,2024-05-10T02:02,0.031,0.0,12.6,37076.9,,838.9,45,91,
Denver,2024-05-10,53,47.8,56.3,43.1,2024-05-10T11:49,2024-05-11T02:03,0.118,0.0,12.5,26903.09,,845.6,68,93,
Denver,2024-05-11,3,48.6,66.2,33.6,2024-05-11T11:48,2024-05-12T02:04,0.0,0.0,7.6,41318.65,,839.4,63,58,
Denver,2024-05-12,63,50.9,63.5,44.4,2024-05-12T11:47,2024-05-13T02:05,0.764,0.0,13.0,17600.0,,835.0,79,95,
Denver,2024-05-13,51,54.4,72.2,37.2,2024-05-13T11:46,2024-05-14T02:06,0.012,0.0,8.6,47763.79,,836.5,57,29,
Denver,2024-05-14,51,59.4,79.0,43.2,2024-05-14T11:45,2024-05-15T02:07,0.004,0.0,14.4,41901.25,,835.0,50,57,
Denver,2024-05-15,53,56.4,69.0,43.2,2024-05-15T11:44,2024-05-16T02:08,0.039,0.0,12.6,45551.64,,837.3,61,66,
Denver,2024-05-16,61,55.2,72.8,40.4,2024-05-16T11:43,2024-05-17T02:09,0.055,0.0,9.2,45970.09,,837.6,66,47,
Denver,2024-05-17,2,62.9,82.2,44.6,2024-05-17T11:42,2024-05-18T02:10,0.0,0.0,14.2,48554.56,,833.4,37,6,
Denver,2024-05-18,55,61.7,78.5,44.9,2024-05-18T11:42,2024-05-19T02:11,0.047,0.0,19.2,48651.2,,836.2,40,19,
Denver,2024-05-19,51,64.3,80.7,47.4,2024-05-19T11:41,2024-05-20T02:11,0.016,0.0,17.3,39489.56,,836.5,43,59,
Denver,2024-05-20,55,60.3,78.9,46.9,2024-05-20T11:40,2024-05-21T02:12,0.047,0.0,15.6,48021.57,,835.8,53,25,
Denver,2024-05-21,63,52.5,68.7,44.6,2024-05-21T11:39,2024-05-22T02:13,0.539,0.0,21.7,38985.41,,833.8,69,81,
Denver,2024-05-22,53,51.3,73.5,33.6,2024-05-22T11:39,2024-05-23T02:14,0.02,0.0,18.7,49017.58,,836.6,55,30,
Denver,2024-05-23,2,59.2,78.4,39.6,2024-05-23T11:38,2024-05-24T02:15,0.0,0.0,15.3,49103.65,,830.0,37,13,
Denver,2024-05-24,3,56.3,73.7,39.8,2024-05-24T11:37,2024-05-25T02:16,0.0,0.0,16.4,49187.28,,834.7,34,27,
Denver,2024-05-25,3,58.7,71.2,41.7,2024-05-25T11:37,2024-05-26T02:17,0.0,0.0,13.0,42816.93,,831.3,42,56,
Denver,2024-05-26,61,57.5,75.2,43.5,2024-05-26T11:36,2024-05-27T02:17,0.106,0.0,15.7,42849.42,,834.4,58,47,
Denver,2024-05-27,2,60.9,77.5,43.3,2024-05-27T11:36,2024-05-28T02:18,0.0,0.0,13.1,49422.62,,841.4,39,14,
Denver,2024-05-28,2,64.6,80.8,47.0,2024-05-28T11:35,2024-05-29T02:19,0.0,0.0,9.7,49495.51,,845.3,36,14,
Denver,2024-05-29,3,68.2,86.8,49.8,2024-05-29T11:34,2024-05-30T02:20,0.0,0.0,14.9,49565.46,,842.0,36,40,
Denver,2024-05-30,3,66.5,82.6,50.8,2024-05-30T11:34,2024-05-31T02:20,0.0,0.0,12.4,49632.34,,839.2,34,31,
Denver,2024-05-31,53,60.9,75.3,52.2,2024-05-31T11:34,2024-06-01T02:21,0.028,0.0,14.9,37873.7,,841.9,62,57,
Denver,2024-06-01,3,66.2,86.2,47.4,2024-06-01T11:33,2024-06-02T02:22,0.0,0.0,10.0,49756.47,,839.5,41,48,
Denver,2024-06-02,3,68.5,85.7,49.4,2024-06-02T11:33,2024-06-03T02:23,0.0,0.0,9.1,49813.94,,835.8,35,37,
Denver,2024-06-03,3,69.0,87.9,50.7,2024-06-03T11:32,2024-06-04T02:23,0.0,0.0,19.2,42111.61,,835.1,38,47,
Denver,2024-06-04,3,72.5,82.6,57.7,2024-06-04T11:32,2024-06-05T02:24,0.0,0.0,19.3,39459.99,,835.7,31,92,
Denver,2024-06-05,0,72.2,90.9,52.3,2024-06-05T11:32,2024-06-06T02:24,0.0,0.0,15.0,49970.52,,839.7,31,1,
Denver,2024-06-06,1,73.1,88.8,57.4,2024-06-06T11:32,2024-06-07T02:25,0.0,0.0,14.0,50017.27,,843.1,35,3,
Denver,2024-06-07,2,78.9,95.5,60.6,2024-06-07T11:32,2024-06-08T02:26,0.0,0.0,14.6,50061.25,,840.6,27,13,
Denver,2024-06-08,53,74.3,92.0,59.8,2024-06-08T11:31,2024-06-09T02:26,0.055,0.0,22.0,50102.39,,840.2,38,54,
Denver,2024-06-09,53,67.1,80.2,56.4,2024-06-09T11:31,2024-06-10T02:27,0.043,0.0,8.7,45382.29,,843.0,69,50,
Denver,2024-06-10,51,68.5,84.6,55.5,2024-06-10T11:31,2024-06-11T02:27,0.012,0.0,5.7,39962.18,,841.4,64,100,
Denver,2024-06-11,53,71.0,84.5,57.8,2024-06-11T11:31,2024-06-12T02:28,0.055,0.0,12.2,47951.98,,842.0,49,31,
Denver,2024-06-12,3,74.2,93.2,56.4,2024-06-12T11:31,2024-06-13T02:28,0.0,0.0,12.2,48225.34,,841.0,41,18,
Denver,2024-06-13,3,76.3,92.8,57.7,2024-06-13T11:31,2024-06-14T02:29,0.0,0.0,15.4,50264.0,,841.9,33,24,
Denver,2024-06-14,51,73.8,89.2,60.3,2024-06-14T11:31,2024-06-15T02:29,0.004,0.0,13.7,46521.26,,843.7,47,52,
Denver,2024-06-15,3,73.5,87.6,58.5,2024-06-15T11:31,2024-06-16T02:30,0.0,0.0,14.3,45030.95,,839.1,34,32,
Denver,2024-06-16,2,71.8,88.3,55.2,2024-06-16T11:31,2024-06-17T02:30,0.0,0.0,14.8,50308.23,,835.2,40,22,
Denver,2024-06-17,3,71.5,89.9,55.7,2024-06-17T11:31,2024-06-18T02:30,0.0,0.0,14.5,45588.68,,832.0,56,24,
Denver,2024-06-18,1,67.7,87.5,57.0,2024-06-18T11:31,2024-06-19T02:31,0.0,0.0,11.9,50294.02,,831.9,34,16,
Denver,2024-06-19,3,64.4,79.3,52.6,2024-06-19T11:32,2024-06-20T02:31,0.0,0.0,13.8,36899.83,,843.8,38,60,
Denver,2024-06-20,51,71.3,91.9,56.6,2024-06-20T11:32,2024-06-21T02:31,0.016,0.0,20.4,46674.34,,844.1,50,64,
Denver,2024-06-21,51,72.2,85.8,61.1,2024-06-21T11:32,2024-06-22T02:31,0.024,0.0,13.3,38777.2,,843.5,61,73,
Denver,2024-06-22,3,75.0,90.2,56.0,2024-06-22T11:32,2024-06-23T02:31,0.0,0.0,10.9,46648.59,,843.9,38,37,
Denver,2024-06-23,3,76.0,93.7,57.7,2024-06-23T11:32,2024-06-24T02:31,0.0,0.0,9.2,50186.89,,844.2,36,18,
Denver,2024-06-24,2,79.5,95.4,60.8,2024-06-24T11:33,2024-06-25T02:32,0.0,0.0,13.8,50215.09,,841.5,29,18,
Denver,2024-06-25,3,79.7,95.6,61.2,2024-06-25T11:33,2024-06-26T02:32,0.0,0.0,13.2,49379.74,,842.5,29,30,
Denver,2024-06-26,3,77.0,90.6,64.8,2024-06-26T11:33,2024-06-27T02:32,0.0,0.0,11.2,49171.02,,844.8,37,36,
Denver,2024-06-27,51,75.7,96.0,62.2,2024-06-27T11:34,2024-06-28T02:32,0.004,0.0,14.7,33344.38,,840.2,51,73,
Denver,2024-06-28,51,79.1,94.1,62.6,2024-06-28T11:34,2024-06-29T02:32,0.031,0.0,22.6,39261.48,,837.2,34,55,
Denver,2024-06-29,3,74.1,91.0,61.0,2024-06-29T11:35,2024-06-30T02:32,0.0,0.0,15.2,42209.01,,845.8,34,46,
Denver,2024-06-30,51,76.5,91.4,64.6,2024-06-30T11:35,2024-07-01T02:32,0.004,0.0,8.7,50073.97,,847.3,45,64,
Denver,2024-07-01,3,79.1,88.2,68.5,2024-07-01T11:36,2024-07-02T02:31,0.0,0.0,10.1,35229.78,,842.2,39,80,
Denver,2024-07-02,3,73.2,88.7,61.5,2024-07-02T11:36,2024-07-03T02:31,0.0,0.0,13.7,50015.61,,841.0,47,25,
Denver,2024-07-03,2,74.2,93.5,56.5,2024-07-03T11:37,2024-07-04T02:31,0.0,0.0,11.1,49984.68,,841.8,35,10,
Denver,2024-07-04,1,71.6,90.0,55.9,2024-07-04T11:37,2024-07-05T02:31,0.0,0.0,17.8,49952.71,,844.9,33,5,
Denver,2024-07-05,1,69.4,80.5,58.4,2024-07-05T11:38,2024-07-06T02:31,0.0,0.0,13.2,49919.77,,847.7,33,7,
Denver,2024-07-06,2,73.1,90.0,55.7,2024-07-06T11:39,2024-07-07T02:30,0.0,0.0,9.2,49885.95,,843.1,25,13,
Denver,2024-07-07,51,70.3,88.5,58.9,2024-07-07T11:39,2024-07-08T02:30,0.004,0.0,14.7,39600.0,,843.1,33,42,
Denver,2024-07-08,51,64.8,82.0,51.1,2024-07-08T11:40,2024-07-09T02:30,0.012,0.0,9.0,46216.0,,845.7,54,11,
Denver,2024-07-09,3,71.9,88.9,53.9,2024-07-09T11:41,2024-07-10T02:29,0.0,0.0,12.7,49780.06,,844.6,34,14,
Denver,2024-07-10,3,73.0,91.9,54.1,2024-07-10T11:41,2024-07-11T02:29,0.0,0.0,13.3,49385.62,,846.0,36,18,
Denver,2024-07-11,3,77.0,94.6,57.9,2024-07-11T11:42,2024-07-12T02:29,0.0,0.0,12.6,47766.8,,845.5,29,26,
Denver,2024-07-12,3,81.1,100.3,59.9,2024-07-12T11:43,2024-07-13T02:28,0.0,0.0,17.9,49644.27,,843.9,24,14,
Denver,2024-07-13,2,80.5,99.0,59.3,2024-07-13T11:43,2024-07-14T02:28,0.0,0.0,11.9,49578.5,,845.6,21,12,
Denver,2024-07-14,3,81.3,96.6,61.1,2024-07-14T11:44,2024-07-15T02:27,0.0,0.0,16.1,47567.13,,846.5,24,52,
Denver,2024-07-15,3,81.2,94.6,65.0,2024-07-15T11:45,2024-07-16T02:26,0.0,0.0,16.6,45151.74,,845.2,28,64,
Denver,2024-07-16,55,75.1,89.2,62.7,2024-07-16T11:46,2024-07-17T02:26,0.067,0.0,13.1,39600.0,,845.6,44,65,
Denver,2024-07-17,53,74.0,90.0,60.4,2024-07-17T11:46,2024-07-18T02:25,0.035,0.0,9.8,44154.08,,847.6,38,38,
Denver,2024-07-18,53,69.7,87.2,56.9,2024-07-18T11:47,2024-07-19T02:25,0.035,0.0,21.7,48881.55,,848.3,64,30,
Denver,2024-07-19,3,75.2,89.3,59.5,2024-07-19T11:48,2024-07-20T02:24,0.0,0.0,16.3,48966.44,,846.1,41,58,
Denver,2024-07-20,53,71.1,87.1,56.3,2024-07-20T11:49,2024-07-21T02:23,0.047,0.0,12.4,45597.21,,848.0,55,43,
Denver,2024-07-21,63,66.7,78.1,56.2,2024-07-21T11:50,2024-07-22T02:22,0.386,0.0,12.1,42204.68,,849.4,70,49,
Denver,2024-07-22,51,68.6,84.0,54.8,2024-07-22T11:51,2024-07-23T02:22,0.008,0.0,8.4,48861.83,,847.6,52,10,
Denver,2024-07-23,51,71.5,88.3,54.6,2024-07-23T11:51,2024-07-24T02:21,0.008,0.0,12.5,48770.31,,846.5,45,9,
Denver,2024-07-24,3,75.5,93.0,55.9,2024-07-24T11:52,2024-07-25T02:20,0.0,0.0,9.2,48676.8,,847.9,34,19,
Denver,2024-07-25,2,78.5,97.6,58.3,2024-07-25T11:53,2024-07-26T02:19,0.0,0.0,12.2,48581.4,,848.1,32,7,
Denver,2024-07-26,3,80.5,96.2,64.5,2024-07-26T11:54,2024-07-27T02:18,0.0,0.0,17.3,47222.4,,844.3,28,70,
Denver,2024-07-27,51,74.3,91.3,57.8,2024-07-27T11:55,2024-07-28T02:17,0.016,0.0,14.9,39163.97,,841.1,53,41,
Denver,2024-07-28,1,78.1,96.0,60.1,2024-07-28T11:56,2024-07-29T02:16,0.0,0.0,12.1,46040.3,,840.0,37,12,
Denver,2024-07-29,3,77.4,97.0,56.9,2024-07-29T11:57,2024-07-30T02:15,0.0,0.0,10.6,45640.92,,841.2,29,16,
Denver,2024-07-30,3,78.9,97.5,57.0,2024-07-30T11:58,2024-07-31T02:14,0.0,0.0,16.4,47123.39,,840.5,21,19,
Denver,2024-07-31,2,79.0,95.9,58.3,2024-07-31T11:58,2024-08-01T02:13,0.0,0.0,11.6,47974.77,,842.0,22,12,
Denver,2024-08-01,2,79.6,98.2,59.1,2024-08-01T11:59,2024-08-02T02:12,0.0,0.0,8.4,47867.82,,847.7,24,5,
Denver,2024-08-02,53,80.0,96.7,61.7,2024-08-02T12:00,2024-08-03T02:11,0.035,0.0,9.3,47758.49,,849.4,32,14,
Denver,2024-08-03,2,79.7,95.5,62.9,2024-08-03T12:01,2024-08-04T02:10,0.0,0.0,18.9,47646.88,,848.4,33,9,
Denver,2024-08-04,51,82.5,100.6,64.7,2024-08-04T12:02,2024-08-05T02:09,0.008,0.0,20.2,41914.1,,845.6,26,48,
Denver,2024-08-05,3,81.4,95.2,66.7,2024-08-05T12:03,2024-08-06T02:08,0.0,0.0,12.0,37444.15,,846.3,35,57,
Denver,2024-08-06,61,75.2,93.3,62.9,2024-08-06T12:04,2024-08-07T02:07,0.165,0.0,12.4,39944.83,,848.7,62,82,
Denver,2024-08-07,51,79.7,93.3,64.7,2024-08-07T12:05,2024-08-08T02:06,0.008,0.0,12.3,46034.62,,845.0,36,46,
Denver,2024-08-08,53,70.7,80.5,62.5,2024-08-08T12:06,2024-08-09T02:04,0.063,0.0,12.2,21144.28,,846.8,62,81,
Denver,2024-08-09,61,65.3,74.6,59.4,2024-08-09T12:07,2024-08-10T02:03,0.091,0.0,13.0,21172.69,,847.4,67,95,
Denver,2024-08-10,55,66.3,83.2,55.9,2024-08-10T12:08,2024-08-11T02:02,0.047,0.0,9.2,33502.45,,846.8,69,71,
Denver,2024-08-11,51,70.5,90.2,58.2,2024-08-11T12:09,2024-08-12T02:01,0.004,0.0,14.7,22553.86,,844.8,60,73,
Denver,2024-08-12,51,74.6,86.2,62.7,2024-08-12T12:10,2024-08-13T01:59,0.012,0.0,12.5,43868.83,,845.5,46,58,
Denver,2024-08-13,51,72.2,83.8,59.2,2024-08-13T12:11,2024-08-14T01:58,0.02,0.0,11.8,39801.12,,843.1,56,43,
Denver,2024-08-14,63,70.0,86.2,55.3,2024-08-14T12:12,2024-08-15T01:57,0.209,0.0,12.0,40248.71,,842.3,62,35,
Denver,2024-08-15,61,69.5,85.1,55.0,2024-08-15T12:13,2024-08-16T01:55,0.051,0.0,13.0,44027.95,,845.4,51,28,
Denver,2024-08-16,1,71.7,91.2,55.9,2024-08-16T12:13,2024-08-17T01:54,0.0,0.0,10.0,45266.34,,844.9,54,14,
Denver,2024-08-17,3,76.4,95.7,55.3,2024-08-17T12:14,2024-08-18T01:53,0.0,0.0,8.7,45515.73,,844.4,33,28,
Denver,2024-08-18,3,78.2,94.8,61.9,2024-08-18T12:15,2024-08-19T01:51,0.0,0.0,12.5,39766.8,,845.3,35,53,
Denver,2024-08-19,51,75.5,91.0,61.5,2024-08-19T12:16,2024-08-20T01:50,0.004,0.0,19.6,34696.26,,847.0,46,74,
Denver,2024-08-20,55,73.6,95.1,58.5,2024-08-20T12:17,2024-08-21T01:48,0.071,0.0,7.9,36471.19,,847.0,60,14,
Denver,2024-08-21,51,75.7,93.8,59.7,2024-08-21T12:18,2024-08-22T01:47,0.024,0.0,11.9,23653.03,,844.9,40,49,
Denver,2024-08-22,63,74.4,86.5,64.9,2024-08-22T12:19,2024-08-23T01:45,0.134,0.0,23.8,22996.64,,844.7,47,94,
Denver,2024-08-23,51,70.5,85.6,58.5,2024-08-23T12:20,2024-08-24T01:44,0.012,0.0,11.9,37731.93,,843.5,62,41,
Denver,2024-08-24,51,75.4,92.2,60.6,2024-08-24T12:21,2024-08-25T01:43,0.004,0.0,21.1,43536.98,,843.6,42,66,
Denver,2024-08-25,3,77.4,92.8,64.0,2024-08-25T12:22,2024-08-26T01:41,0.0,0.0,11.7,41157.47,,845.3,35,71,
Denver,2024-08-26,51,72.7,87.6,61.3,2024-08-26T12:23,2024-08-27T01:40,0.039,0.0,12.9,32001.7,,848.6,52,97,
Denver,2024-08-27,3,71.8,87.4,56.7,2024-08-27T12:24,2024-08-28T01:38,0.0,0.0,9.4,43469.34,,848.5,38,12,
Denver,2024-08-28,2,73.7,92.4,54.5,2024-08-28T12:25,2024-08-29T01:36,0.0,0.0,11.6,43333.12,,844.1,35,16,
Denver,2024-08-29,3,75.5,91.0,61.5,2024-08-29T12:26,2024-08-30T01:35,0.0,0.0,8.6,43200.0,,843.2,25,63,
Denver,2024-08-30,1,70.4,87.1,54.1,2024-08-30T12:27,2024-08-31T01:33,0.0,0.0,9.2,43239.0,,848.6,37,3,
Denver,2024-08-31,0,71.2,89.0,53.3,2024-08-31T12:28,2024-09-01T01:32,0.0,0.0,8.9,43202.09,,847.5,37,0,
Denver,2024-09-01,1,72.3,87.9,53.2,2024-09-01T12:28,2024-09-02T01:30,0.0,0.0,8.6,43203.39,,848.8,31,2,
Denver,2024-09-02,3,72.5,88.7,54.4,2024-09-02T12:29,2024-09-03T01:29,0.0,0.0,13.2,43200.0,,847.5,23,10,
Denver,2024-09-03,2,73.0,91.5,55.3,2024-09-03T12:30,2024-09-04T01:27,0.0,0.0,14.9,42973.93,,844.7,31,11,
Denver,2024-09-04,3,71.9,88.7,56.2,2024-09-04T12:31,2024-09-05T01:25,0.0,0.0,11.2,43166.95,,845.9,36,31,
Denver,2024-09-05,61,64.1,75.5,55.6,2024-09-05T12:32,2024-09-06T01:24,0.161,0.0,14.9,38041.46,,852.5,67,70,
Denver,2024-09-06,3,64.6,82.2,49.3,2024-09-06T12:33,2024-09-07T01:22,0.0,0.0,5.5,42364.59,,851.3,56,7,
Denver,2024-09-07,1,67.0,85.2,49.8,2024-09-07T12:34,2024-09-08T01:21,0.0,0.0,7.3,42935.33,,846.6,46,10,
Denver,2024-09-08,3,68.8,87.0,50.9,2024-09-08T12:35,2024-09-09T01:19,0.0,0.0,5.9,42787.01,,843.7,40,20,
Denver,2024-09-09,3,70.5,87.9,54.2,2024-09-09T12:36,2024-09-10T01:17,0.0,0.0,19.3,40348.3,,843.1,36,30,
Denver,2024-09-10,3,71.2,87.3,55.0,2024-09-10T12:37,2024-09-11T01:16,0.0,0.0,16.3,36866.62,,842.4,37,46,
Denver,2024-09-11,3,70.1,84.9,54.7,2024-09-11T12:38,2024-09-12T01:14,0.0,0.0,14.8,37089.71,,839.0,37,72,
Denver,2024-09-12,3,70.2,90.6,53.3,2024-09-12T12:39,2024-09-13T01:13,0.0,0.0,19.0,39296.98,,833.7,41,35,
Denver,2024-09-13,2,67.8,87.6,51.2,2024-09-13T12:40,2024-09-14T01:11,0.0,0.0,10.5,42036.71,,836.8,31,14,
Denver,2024-09-14,3,67.5,89.1,50.7,2024-09-14T12:41,2024-09-15T01:09,0.0,0.0,9.1,41883.7,,841.1,44,14,
Denver,2024-09-15,3,69.3,87.4,51.9,2024-09-15T12:41,2024-09-16T01:08,0.0,0.0,13.9,34662.26,,840.0,33,25,
Denver,2024-09-16,3,66.6,84.1,50.5,2024-09-16T12:42,2024-09-17T01:06,0.0,0.0,14.5,38163.93,,838.6,53,30,
Denver,2024-09-17,3,70.2,87.1,54.4,2024-09-17T12:43,2024-09-18T01:04,0.0,0.0,20.2,40062.4,,836.4,40,14,
Denver,2024-09-18,1,64.2,82.4,46.9,2024-09-18T12:44,2024-09-19T01:03,0.0,0.0,11.5,41264.53,,834.6,47,2,
Denver,2024-09-19,2,64.0,85.9,45.6,2024-09-19T12:45,2024-09-20T01:01,0.0,0.0,17.2,41108.41,,837.8,32,6,
Denver,2024-09-20,3,66.6,88.9,51.7,2024-09-20T12:46,2024-09-21T00:59,0.0,0.0,14.0,36888.34,,837.9,36,78,
Denver,2024-09-21,3,62.1,82.8,48.1,2024-09-21T12:47,2024-09-22T00:58,0.0,0.0,11.7,40795.2,,838.9,35,18,
Denver,2024-09-22,61,54.3,66.3,47.4,2024-09-22T12:48,2024-09-23T00:56,0.488,0.0,10.3,22107.55,,845.0,69,92,
Denver,2024-09-23,3,57.3,76.8,42.5,2024-09-23T12:49,2024-09-24T00:54,0.0,0.0,7.9,40481.36,,840.0,58,8,
Denver,2024-09-24,3,61.2,74.8,46.9,2024-09-24T12:50,2024-09-25T00:53,0.0,0.0,9.0,38625.16,,841.0,44,71,
Denver,2024-09-25,0,62.6,84.9,45.2,2024-09-25T12:51,2024-09-26T00:51,0.0,0.0,5.6,40167.6,,842.6,53,0,
Denver,2024-09-26,2,67.8,89.7,49.6,2024-09-26T12:52,2024-09-27T00:49,0.0,0.0,10.2,40010.98,,840.1,43,12,
Denver,2024-09-27,2,68.5,85.4,52.6,2024-09-27T12:53,2024-09-28T00:48,0.0,0.0,8.3,39639.45,,843.6,37,13,
Denver,2024-09-28,0,68.3,88.6,48.8,2024-09-28T12:54,2024-09-29T00:46,0.0,0.0,8.0,39542.34,,845.7,36,2,
Denver,2024-09-29,1,71.6,89.7,53.3,2024-09-29T12:55,2024-09-30T00:45,0.0,0.0,11.3,39250.59,,845.0,28,6,
Denver,2024-09-30,2,69.0,87.4,53.0,2024-09-30T12:56,2024-10-01T00:43,0.0,0.0,18.2,38885.21,,842.1,30,6,
Denver,2024-10-01,3,57.6,72.9,44.4,2024-10-01T12:57,2024-10-02T00:41,0.0,0.0,9.5,38800.88,,849.4,31,24,
Denver,2024-10-02,3,64.3,87.1,46.4,2024-10-02T12:58,2024-10-03T00:40,0.0,0.0,8.3,38555.55,,840.9,30,21,
Denver,2024-10-03,0,62.5,80.2,51.4,2024-10-03T12:59,2024-10-04T00:38,0.0,0.0,10.0,38474.36,,839.8,26,0,
Denver,2024-10-04,2,59.1,84.3,43.2,2024-10-04T13:00,2024-10-05T00:37,0.0,0.0,9.8,38258.21,,845.4,43,5,
Denver,2024-10-05,0,65.5,85.6,47.4,2024-10-05T13:01,2024-10-06T00:35,0.0,0.0,14.9,38123.71,,841.1,26,0,
Denver,2024-10-06,0,61.2,79.2,49.4,2024-10-06T13:02,2024-10-07T00:33,0.0,0.0,16.1,37999.93,,847.3,34,0,
Denver,2024-10-07,1,61.9,79.3,44.5,2024-10-07T13:03,2024-10-08T00:32,0.0,0.0,12.0,37887.94,,844.7,37,3,
Denver,2024-10-08,3,62.0,80.8,42.8,2024-10-08T13:04,2024-10-09T00:30,0.0,0.0,7.6,37822.92,,842.6,27,17,
Denver,2024-10-09,3,62.5,80.3,45.8,2024-10-09T13:05,2024-10-10T00:29,0.0,0.0,10.9,36790.35,,842.7,34,28,
Denver,2024-10-10,2,62.8,83.2,46.6,2024-10-10T13:06,2024-10-11T00:27,0.0,0.0,12.6,37659.51,,843.9,38,9,
Denver,2024-10-11,3,60.8,76.8,48.0,2024-10-11T13:07,2024-10-12T00:26,0.0,0.0,13.1,36000.0,,845.2,33,68,
Denver,2024-10-12,3,61.7,81.9,45.8,2024-10-12T13:08,2024-10-13T00:24,0.0,0.0,13.1,37430.52,,844.3,34,57,
Denver,2024-10-13,3,57.9,74.9,45.1,2024-10-13T13:09,2024-10-14T00:23,0.0,0.0,8.8,35889.09,,846.1,38,62,
Denver,2024-10-14,3,59.0,81.4,40.9,2024-10-14T13:10,2024-10-15T00:21,0.0,0.0,5.3,37167.17,,845.8,42,15,
Denver,2024-10-15,2,60.7,75.3,45.3,2024-10-15T13:11,2024-10-16T00:20,0.0,0.0,11.5,36854.97,,844.6,39,8,
Denver,2024-10-16,2,59.3,80.6,46.0,2024-10-16T13:12,2024-10-17T00:18,0.0,0.0,20.0,36536.77,,844.1,34,7,
Denver,2024-10-17,3,61.6,75.3,48.7,2024-10-17T13:13,2024-10-18T00:17,0.0,0.0,17.8,31673.22,,834.6,35,74,
Denver,2024-10-18,61,55.1,69.4,46.7,2024-10-18T13:14,2024-10-19T00:15,0.075,0.0,14.7,26671.04,,835.0,47,64,
Denver,2024-10-19,51,49.0,61.2,44.2,2024-10-19T13:15,2024-10-20T00:14,0.008,0.0,11.4,16066.63,,846.4,64,90,
Denver,2024-10-20,3,53.3,72.7,42.0,2024-10-20T13:16,2024-10-21T00:13,0.0,0.0,8.1,35739.58,,843.9,66,66,
Denver,2024-10-21,71,55.8,67.1,43.6,2024-10-21T13:17,2024-10-22T00:11,0.378,0.028,23.5,33037.38,,838.3,53,58,
Denver,2024-10-22,0,56.9,74.5,41.7,2024-10-22T13:18,2024-10-23T00:10,0.0,0.0,21.3,35532.54,,841.9,39,1,
Denver,2024-10-23,3,55.5,76.8,37.6,2024-10-23T13:19,2024-10-24T00:08,0.0,0.0,6.6,35283.86,,843.8,44,12,
Denver,2024-10-24,3,54.2,70.3,40.9,2024-10-24T13:20,2024-10-25T00:07,0.0,0.0,20.5,35185.23,,836.6,40,13,
Denver,2024-10-25,3,49.6,64.2,33.4,2024-10-25T13:21,2024-10-26T00:06,0.0,0.0,13.1,34962.75,,844.7,52,25,
Denver,2024-10-26,3,50.1,72.9,34.8,2024-10-26T13:23,2024-10-27T00:04,0.0,0.0,8.0,34719.95,,844.8,53,24,
Denver,2024-10-27,3,53.2,77.8,35.2,2024-10-27T13:24,2024-10-28T00:03,0.0,0.0,7.6,33591.86,,841.7,33,35,
Denver,2024-10-28,3,57.3,79.5,42.0,2024-10-28T13:25,2024-10-29T00:02,0.0,0.0,15.3,32106.82,,832.5,26,73,
Denver,2024-10-29,3,54.2,68.8,45.8,2024-10-29T13:26,2024-10-30T00:01,0.0,0.0,17.5,32400.0,,826.5,42,44,
Denver,2024-10-30,55,40.2,50.0,36.1,2024-10-30T13:27,2024-10-30T23:59,0.205,0.0,8.6,16395.87,,834.5,77,68,
Denver,2024-10-31,51,39.6,61.7,25.3,2024-10-31T13:28,2024-10-31T23:58,0.008,0.0,8.2,32406.98,,837.4,68,30,
Denver,2024-11-01,3,40.1,60.6,25.9,2024-11-01T13:29,2024-11-01T23:57,0.0,0.0,10.9,34240.86,,835.5,49,36,
Denver,2024-11-02,3,43.3,66.9,27.6,2024-11-02T13:30,2024-11-02T23:56,0.0,0.0,7.6,34165.49,,835.0,51,57,
Denver,2024-11-03,51,43.4,54.2,31.8,2024-11-03T13:32,2024-11-03T23:55,0.004,0.0,8.2,32400.0,,826.5,47,52,
Denver,2024-11-04,73,39.6,47.4,35.4,2024-11-04T13:33,2024-11-04T23:54,0.382,0.386,10.4,16386.54,,835.1,75,86,
Denver,2024-11-05,51,35.9,53.1,24.8,2024-11-05T13:34,2024-11-05T23:53,0.004,0.0,11.1,30213.68,,829.4,56,36,
Denver,2024-11-06,73,32.6,43.1,30.1,2024-11-06T13:35,2024-11-06T23:52,0.008,2.232,13.0,0.0,,837.8,69,100,
Denver,2024-11-07,73,27.0,34.9,16.4,2024-11-07T13:36,2024-11-07T23:51,0.004,0.744,6.3,5026.57,,845.2,81,92,
Denver,2024-11-08,75,31.0,33.6,28.2,2024-11-08T13:37,2024-11-08T23:50,0.02,2.37,9.1,0.0,,842.8,94,100,
Denver,2024-11-09,75,33.7,35.5,32.3,2024-11-09T13:38,2024-11-09T23:49,0.055,2.756,11.3,6698.55,,834.6,93,98,
Denver,2024-11-10,2,30.7,46.0,22.2,2024-11-10T13:39,2024-11-10T23:48,0.0,0.0,8.1,32282.17,,831.5,75,6,
Denver,2024-11-11,1,26.7,42.1,14.1,2024-11-11T13:41,2024-11-11T23:47,0.0,0.0,7.0,32876.42,,833.9,78,4,
Denver,2024-11-12,3,28.8,43.3,14.5,2024-11-12T13:42,2024-11-12T23:46,0.0,0.0,4.7,32681.13,,827.1,80,22,
Denver,2024-11-13,51,36.7,45.2,28.9,2024-11-13T13:43,2024-11-13T23:45,0.016,0.0,10.7,31680.55,,835.1,72,45,
Denver,2024-11-14,3,34.6,51.7,25.2,2024-11-14T13:44,2024-11-14T23:44,0.0,0.0,3.7,32221.87,,836.1,76,39,
Denver,2024-11-15,3,33.9,54.5,23.4,2024-11-15T13:45,2024-11-15T23:44,0.0,0.0,9.4,32211.91,,830.4,77,18,
Denver,2024-11-16,2,37.2,50.8,26.4,2024-11-16T13:46,2024-11-16T23:43,0.0,0.0,7.7,32036.87,,824.1,69,10,
Denver,2024-11-17,71,36.0,48.9,25.3,2024-11-17T13:47,2024-11-17T23:42,0.0,0.028,5.5,31384.35,,832.4,71,24,
Denver,2024-11-18,3,35.6,53.4,26.2,2024-11-18T13:49,2024-11-18T23:41,0.0,0.0,3.7,30394.07,,825.0,58,38,
Denver,2024-11-19,3,34.7,44.0,29.2,2024-11-19T13:50,2024-11-19T23:41,0.0,0.0,13.4,31688.1,,829.8,48,43,
Denver,2024-11-20,3,31.3,45.4,21.7,2024-11-20T13:51,2024-11-20T23:40,0.0,0.0,7.8,31402.47,,840.7,36,43,
Denver,2024-11-21,3,32.7,45.3,26.4,2024-11-21T13:52,2024-11-21T23:39,0.0,0.0,3.5,27693.1,,840.1,65,79,
Denver,2024-11-22,3,38.0,55.1,30.3,2024-11-22T13:53,2024-11-22T23:39,0.0,0.0,2.9,30368.02,,838.4,69,95,
Denver,2024-11-23,3,41.9,62.1,29.2,2024-11-23T13:54,2024-11-23T23:38,0.0,0.0,9.3,30063.25,,832.0,62,94,
Denver,2024-11-24,3,39.0,54.7,28.8,2024-11-24T13:55,2024-11-24T23:38,0.0,0.0,8.7,30929.23,,826.0,66,41,
Denver,2024-11-25,73,35.7,45.9,28.3,2024-11-25T13:56,2024-11-25T23:37,0.031,0.248,5.6,30815.3,,840.9,79,63,
Denver,2024-11-26,3,35.9,50.2,28.0,2024-11-26T13:57,2024-11-26T23:37,0.0,0.0,3.2,23426.19,,835.3,76,87,
Denver,2024-11-27,75,35.0,45.0,30.2,2024-11-27T13:58,2024-11-27T23:37,0.075,1.654,5.7,13132.06,,834.2,87,93,
Denver,2024-11-28,3,19.8,30.8,11.8,2024-11-28T13:59,2024-11-28T23:36,0.0,0.0,3.9,30619.39,,838.0,74,22,
Denver,2024-11-29,3,20.2,37.2,10.5,2024-11-29T14:00,2024-11-29T23:36,0.0,0.0,4.2,29819.82,,837.5,68,22,
Denver,2024-11-30,3,24.8,39.4,16.3,2024-11-30T14:01,2024-11-30T23:36,0.0,0.0,5.3,30573.33,,835.2,64,24,
Denver,2024-12-01,3,31.0,43.3,22.0,2024-12-01T14:02,2024-12-01T23:35,0.0,0.0,4.7,30429.39,,839.7,63,29,
Denver,2024-12-02,1,29.9,42.8,20.9,2024-12-02T14:03,2024-12-02T23:35,0.0,0.0,2.8,30407.99,,844.1,71,3,
Denver,2024-12-03,3,34.8,52.4,26.0,2024-12-03T14:04,2024-12-03T23:35,0.0,0.0,3.6,30345.56,,841.6,67,17,
Denver,2024-12-04,3,36.6,50.8,27.2,2024-12-04T14:05,2024-12-04T23:35,0.0,0.0,4.9,30251.62,,840.9,62,20,
Denver,2024-12-05,0,32.2,41.3,26.0,2024-12-05T14:06,2024-12-05T23:35,0.0,0.0,3.9,30192.23,,842.3,71,0,
Denver,2024-12-06,0,33.9,50.2,24.2,2024-12-06T14:07,2024-12-06T23:35,0.0,0.0,2.7,30164.75,,841.2,63,0,
Denver,2024-12-07,1,34.7,50.5,25.8,2024-12-07T14:08,2024-12-07T23:35,0.0,0.0,4.1,30107.18,,838.1,59,2,
Denver,2024-12-08,3,38.2,53.8,30.0,2024-12-08T14:09,2024-12-08T23:35,0.0,0.0,11.3,28391.36,,829.8,56,33,
Denver,2024-12-09,71,32.3,41.2,28.4,2024-12-09T14:10,2024-12-09T23:35,0.0,0.083,9.6,4072.81,,833.6,57,46,
Denver,2024-12-10,71,26.1,34.4,17.7,2024-12-10T14:10,2024-12-10T23:35,0.0,0.165,7.7,29474.44,,841.9,53,62,
Denver,2024-12-11,3,31.0,46.0,21.6,2024-12-11T14:11,2024-12-11T23:35,0.0,0.0,9.7,29366.49,,838.8,44,51,
Denver,2024-12-12,3,30.9,44.2,23.0,2024-12-12T14:12,2024-12-12T23:35,0.0,0.0,4.8,26552.12,,834.4,56,56,
Denver,2024-12-13,3,33.4,47.0,23.6,2024-12-13T14:13,2024-12-13T23:36,0.0,0.0,5.2,29508.16,,831.7,60,56,
Denver,2024-12-14,3,35.7,49.8,30.4,2024-12-14T14:13,2024-12-14T23:36,0.0,0.0,7.4,28770.89,,835.8,49,47,
Denver,2024-12-15,3,36.5,50.9,29.8,2024-12-15T14:14,2024-12-15T23:36,0.0,0.0,5.2,29079.5,,831.8,64,38,
Denver,2024-12-16,3,33.1,41.8,25.4,2024-12-16T14:15,2024-12-16T23:36,0.0,0.0,3.6,29261.28,,838.0,54,24,
Denver,2024-12-17,3,34.1,50.3,25.4,2024-12-17T14:15,2024-12-17T23:37,0.0,0.0,14.9,28397.33,,835.8,61,74,
Denver,2024-12-18,51,33.0,44.1,24.6,2024-12-18T14:16,2024-12-18T23:37,0.004,0.0,9.2,25598.19,,845.1,65,68,
Denver,2024-12-19,3,39.0,56.3,30.0,2024-12-19T14:16,2024-12-19T23:38,0.0,0.0,10.6,28913.0,,839.0,54,76,
Denver,2024-12-20,3,35.1,52.6,24.9,2024-12-20T14:17,2024-12-20T23:38,0.0,0.0,7.6,29089.68,,843.0,55,41,
Denver,2024-12-21,3,37.5,52.4,27.4,2024-12-21T14:17,2024-12-21T23:38,0.0,0.0,5.3,29194.04,,840.3,60,50,
Denver,2024-12-22,3,39.3,54.1,32.0,2024-12-22T14:18,2024-12-22T23:39,0.0,0.0,6.2,18190.06,,834.9,64,89,
Denver,2024-12-23,3,40.1,49.6,33.0,2024-12-23T14:18,2024-12-23T23:40,0.0,0.0,2.7,25200.0,,837.0,67,94,
Denver,2024-12-24,51,37.2,49.3,27.8,2024-12-24T14:19,2024-12-24T23:40,0.004,0.0,4.2,28963.04,,839.6,72,28,
Denver,2024-12-25,73,36.6,47.8,29.5,2024-12-25T14:19,2024-12-25T23:41,0.047,0.11,5.6,21705.42,,831.5,72,88,
Denver,2024-12-26,73,36.5,47.6,25.8,2024-12-26T14:19,2024-12-26T23:41,0.079,0.11,5.2,22005.08,,831.6,82,56,
Denver,2024-12-27,3,36.5,44.7,30.5,2024-12-27T14:20,2024-12-27T23:42,0.0,0.0,7.0,23918.57,,827.4,59,68,
Denver,2024-12-28,3,35.0,50.1,28.2,2024-12-28T14:20,2024-12-28T23:43,0.0,0.0,8.5,22467.92,,829.3,64,83,
Denver,2024-12-29,3,40.1,54.5,32.2,2024-12-29T14:20,2024-12-29T23:44,0.0,0.0,4.8,26894.16,,832.7,64,84,
Denver,2024-12-30,51,41.4,48.5,37.0,2024-12-30T14:20,2024-12-30T23:44,0.02,0.0,15.7,29137.21,,828.4,46,53,
Denver,2024-12-31,3,29.7,36.2,22.4,2024-12-31T14:21,2024-12-31T23:45,0.0,0.0,11.7,29195.32,,838.8,47,35,
