city,time,temperature_2m_mean (°F),temperature_2m_max (°F),temperature_2m_min (°F),wind_speed_10m_max (mp/h),weather_code (wmo code),sunrise (iso8601),sunset (iso8601),sunshine_duration (s),rain_sum (inch),snowfall_sum (inch),cloud_cover_mean (%),precipitation_probability_mean (undefined),relative_humidity_2m_mean (%),surface_pressure_mean (hPa),visibility_mean (undefined)
Lebrija,2024-01-01,53.2,62.4,47.8,4.6,3,2024-01-01T07:37,2024-01-01T17:17,26666.84,0.0,0.0,65,,89,1017.7,
Lebrija,2024-01-02,53.3,67.4,44.8,6.5,3,2024-01-02T07:37,2024-01-02T17:18,31391.36,0.0,0.0,47,,85,1018.8,
Lebrija,2024-01-03,53.6,65.6,44.5,5.2,3,2024-01-03T07:37,2024-01-03T17:19,31437.12,0.0,0.0,51,,87,1017.5,
Lebrija,2024-01-04,58.1,65.8,53.2,10.5,63,2024-01-04T07:37,2024-01-04T17:20,24423.89,0.413,0.0,87,,87,1012.6,
Lebrija,2024-01-05,51.1,57.0,43.5,13.8,51,2024-01-05T07:37,2024-01-05T17:21,29770.8,0.012,0.0,32,,78,1011.9,
Lebrija,2024-01-06,47.4,54.5,40.1,7.7,3,2024-01-06T07:37,2024-01-06T17:21,30158.17,0.0,0.0,56,,79,1017.7,
Lebrija,2024-01-07,44.3,57.2,37.3,8.3,3,2024-01-07T07:37,2024-01-07T17:22,31653.24,0.0,0.0,44,,82,1018.2,
Lebrija,2024-01-08,45.7,56.5,35.4,6.6,53,2024-01-08T07:37,2024-01-08T17:23,31484.25,0.035,0.0,76,,78,1016.6,
Lebrija,2024-01-09,51.8,58.1,46.8,5.4,61,2024-01-09T07:37,2024-01-09T17:24,0.0,0.205,0.0,92,,89,1014.1,
Lebrija,2024-01-10,50.4,59.3,44.4,5.1,3,2024-01-10T07:37,2024-01-10T17:25,25569.14,0.0,0.0,60,,90,1016.8,
Lebrija,2024-01-11,48.9,58.6,43.9,5.5,3,2024-01-11T07:37,2024-01-11T17:26,23812.15,0.0,0.0,76,,91,1016.2,
Lebrija,2024-01-12,50.5,65.0,39.4,10.8,3,2024-01-12T07:37,2024-01-12T17:27,31991.12,0.0,0.0,38,,83,1016.6,
Lebrija,2024-01-13,52.7,62.8,45.4,5.2,3,2024-01-13T07:36,2024-01-13T17:28,1543.65,0.0,0.0,100,,81,1017.8,
Lebrija,2024-01-14,57.8,70.4,45.6,10.8,3,2024-01-14T07:36,2024-01-14T17:29,32084.68,0.0,0.0,73,,67,1016.4,
Lebrija,2024-01-15,59.5,67.7,54.3,9.9,3,2024-01-15T07:36,2024-01-15T17:30,20582.56,0.0,0.0,89,,88,1014.2,
Lebrija,2024-01-16,59.3,69.5,54.2,18.8,63,2024-01-16T07:36,2024-01-16T17:31,14540.54,0.307,0.0,80,,76,1010.7,
Lebrija,2024-01-17,62.1,66.6,58.6,21.7,63,2024-01-17T07:35,2024-01-17T17:32,32153.33,0.358,0.0,65,,79,1006.3,
Lebrija,2024-01-18,60.9,67.0,57.2,15.5,53,2024-01-18T07:35,2024-01-18T17:33,17996.49,0.11,0.0,89,,88,1008.5,
Lebrija,2024-01-19,58.3,61.9,53.7,21.3,63,2024-01-19T07:34,2024-01-19T17:34,19911.78,0.917,0.0,72,,83,1004.5,
Lebrija,2024-01-20,50.3,58.3,44.0,6.9,3,2024-01-20T07:34,2024-01-20T17:35,32283.58,0.0,0.0,10,,77,1019.7,
Lebrija,2024-01-21,50.8,63.0,42.6,6.4,3,2024-01-21T07:34,2024-01-21T17:36,32316.61,0.0,0.0,16,,84,1027.8,
Lebrija,2024-01-22,50.2,62.7,40.5,8.6,1,2024-01-22T07:33,2024-01-22T17:37,32463.12,0.0,0.0,6,,83,1031.0,
Lebrija,2024-01-23,55.2,69.7,47.5,8.7,3,2024-01-23T07:32,2024-01-23T17:38,32507.67,0.0,0.0,12,,79,1030.0,
Lebrija,2024-01-24,55.3,70.2,42.8,6.2,2,2024-01-24T07:32,2024-01-24T17:39,32619.23,0.0,0.0,16,,79,1029.5,
Lebrija,2024-01-25,57.0,72.6,44.1,7.9,3,2024-01-25T07:31,2024-01-25T17:40,32717.14,0.0,0.0,24,,76,1026.0,
Lebrija,2024-01-26,58.4,70.7,46.0,5.2,3,2024-01-26T07:31,2024-01-26T17:41,32400.0,0.0,0.0,91,,80,1024.1,
Lebrija,2024-01-27,56.5,70.3,44.8,5.9,3,2024-01-27T07:30,2024-01-27T17:43,32821.44,0.0,0.0,59,,79,1022.2,
Lebrija,2024-01-28,53.9,66.0,46.5,6.0,3,2024-01-28T07:29,2024-01-28T17:44,25200.0,0.0,0.0,89,,88,1021.5,
Lebrija,2024-01-29,54.6,68.0,46.4,6.9,3,2024-01-29T07:29,2024-01-29T17:45,22595.02,0.0,0.0,80,,87,1022.4,
Lebrija,2024-01-30,54.1,66.1,44.6,8.0,3,2024-01-30T07:28,2024-01-30T17:46,30554.13,0.0,0.0,32,,84,1024.6,
Lebrija,2024-01-31,53.4,67.1,42.9,6.0,3,2024-01-31T07:27,2024-01-31T17:47,33156.02,0.0,0.0,13,,83,1026.3,
Lebrija,2024-02-01,52.5,65.3,42.7,6.0,3,2024-02-01T07:26,2024-02-01T17:48,32852.22,0.0,0.0,25,,85,1027.4,
Lebrija,2024-02-02,53.0,65.3,45.5,6.7,3,2024-02-02T07:26,2024-02-02T17:49,24966.91,0.0,0.0,38,,83,1025.2,
Lebrija,2024-02-03,52.8,67.0,41.9,7.5,3,2024-02-03T07:25,2024-02-03T17:50,33213.61,0.0,0.0,15,,79,1024.9,
Lebrija,2024-02-04,51.7,66.0,40.9,6.6,3,2024-02-04T07:24,2024-02-04T17:51,32393.45,0.0,0.0,73,,82,1025.5,
Lebrija,2024-02-05,52.4,63.0,45.9,6.1,3,2024-02-05T07:23,2024-02-05T17:52,24619.12,0.0,0.0,97,,88,1024.7,
Lebrija,2024-02-06,55.2,66.2,46.9,8.6,3,2024-02-06T07:22,2024-02-06T17:53,27322.37,0.0,0.0,49,,87,1023.7,
Lebrija,2024-02-07,57.1,65.3,50.6,7.1,51,2024-02-07T07:21,2024-02-07T17:54,17677.6,0.02,0.0,81,,89,1021.7,
Lebrija,2024-02-08,55.7,64.4,47.5,25.6,63,2024-02-08T07:20,2024-02-08T17:55,3325.94,0.567,0.0,100,,85,1010.5,
Lebrija,2024-02-09,59.5,63.2,55.7,22.9,65,2024-02-09T07:19,2024-02-09T17:57,8086.79,1.752,0.0,80,,88,994.5,
Lebrija,2024-02-10,56.1,62.2,49.3,15.4,51,2024-02-10T07:18,2024-02-10T17:58,34065.43,0.031,0.0,21,,76,1002.7,
Lebrija,2024-02-11,56.5,64.2,46.7,17.3,65,2024-02-11T07:17,2024-02-11T17:59,3620.87,0.681,0.0,91,,88,1009.2,
Lebrija,2024-02-12,63.6,68.6,60.0,16.7,61,2024-02-12T07:16,2024-02-12T18:00,25278.5,0.181,0.0,81,,91,1013.9,
Lebrija,2024-02-13,63.2,69.8,59.0,7.9,51,2024-02-13T07:15,2024-02-13T18:01,16108.29,0.008,0.0,100,,89,1018.4,
Lebrija,2024-02-14,63.8,75.8,53.0,8.4,3,2024-02-14T07:14,2024-02-14T18:02,32056.84,0.0,0.0,98,,72,1014.5,
Lebrija,2024-02-15,60.7,67.6,55.6,20.5,63,2024-02-15T07:13,2024-02-15T18:03,15457.23,0.189,0.0,79,,73,1013.2,
Lebrija,2024-02-16,56.6,65.9,49.1,7.4,3,2024-02-16T07:11,2024-02-16T18:04,29805.49,0.0,0.0,75,,80,1020.9,
Lebrija,2024-02-17,56.2,68.1,47.2,10.7,1,2024-02-17T07:10,2024-02-17T18:05,35655.34,0.0,0.0,9,,73,1024.7,
Lebrija,2024-02-18,56.0,68.3,44.7,6.4,2,2024-02-18T07:09,2024-02-18T18:06,35844.91,0.0,0.0,10,,76,1028.4,
Lebrija,2024-02-19,57.1,71.8,45.3,7.8,3,2024-02-19T07:08,2024-02-19T18:07,36038.86,0.0,0.0,11,,78,1025.2,
Lebrija,2024-02-20,58.9,72.3,48.2,7.5,3,2024-02-20T07:07,2024-02-20T18:08,36122.4,0.0,0.0,21,,77,1023.4,
Lebrija,2024-02-21,57.9,72.5,46.5,6.5,3,2024-02-21T07:05,2024-02-21T18:09,35028.5,0.0,0.0,48,,81,1021.7,
Lebrija,2024-02-22,58.6,65.8,50.3,14.4,51,2024-02-22T07:04,2024-02-22T18:10,35436.36,0.031,0.0,92,,83,1016.7,
Lebrija,2024-02-23,54.7,61.1,47.0,13.4,51,2024-02-23T07:03,2024-02-23T18:11,35323.8,0.012,0.0,67,,70,1014.7,
Lebrija,2024-02-24,53.8,61.2,48.5,13.1,51,2024-02-24T07:02,2024-02-24T18:12,36144.9,0.004,0.0,51,,70,1016.3,
Lebrija,2024-02-25,57.1,64.4,47.3,20.1,51,2024-02-25T07:00,2024-02-25T18:13,25350.54,0.028,0.0,89,,81,1016.3,
Lebrija,2024-02-26,57.2,61.1,49.9,17.4,55,2024-02-26T06:59,2024-02-26T18:14,34138.98,0.102,0.0,40,,67,1009.5,
Lebrija,2024-02-27,51.7,62.1,44.9,9.9,2,2024-02-27T06:58,2024-02-27T18:15,37565.62,0.0,0.0,8,,57,1015.5,
Lebrija,2024-02-28,50.6,63.2,38.5,9.2,2,2024-02-28T06:56,2024-02-28T18:16,37710.21,0.0,0.0,3,,66,1018.6,
Lebrija,2024-02-29,54.2,68.3,42.5,13.6,1,2024-02-29T06:55,2024-02-29T18:17,37855.32,0.0,0.0,6,,71,1017.1,
Lebrija,2024-03-01,51.4,62.3,40.1,7.7,0,2024-03-01T06:54,2024-03-01T18:18,38000.85,0.0,0.0,3,,65,1017.0,
Lebrija,2024-03-02,53.8,62.9,42.6,20.2,51,2024-03-02T06:52,2024-03-02T18:19,27687.79,0.051,0.0,51,,76,1010.6,
Lebrija,2024-03-03,52.7,59.5,43.4,11.9,3,2024-03-03T06:51,2024-03-03T18:20,29587.7,0.0,0.0,34,,73,1013.6,
Lebrija,2024-03-04,56.5,66.1,48.5,12.0,51,2024-03-04T06:50,2024-03-04T18:21,33233.29,0.012,0.0,68,,83,1017.3,
Lebrija,2024-03-05,53.6,64.8,43.9,8.9,3,2024-03-05T06:48,2024-03-05T18:22,38584.86,0.0,0.0,34,,72,1019.4,
Lebrija,2024-03-06,53.8,68.7,42.8,7.6,3,2024-03-06T06:47,2024-03-06T18:23,35235.22,0.0,0.0,44,,73,1015.1,
Lebrija,2024-03-07,53.9,59.5,48.2,17.7,63,2024-03-07T06:45,2024-03-07T18:24,17070.72,0.469,0.0,71,,81,1007.5,
Lebrija,2024-03-08,54.1,60.5,47.5,19.9,63,2024-03-08T06:44,2024-03-08T18:25,31810.25,0.421,0.0,71,,76,1006.7,
Lebrija,2024-03-09,54.7,57.2,52.5,20.0,61,2024-03-09T06:42,2024-03-09T18:26,6693.42,0.461,0.0,79,,81,998.6,
Lebrija,2024-03-10,56.2,62.2,51.3,14.8,51,2024-03-10T06:41,2024-03-10T18:27,39185.02,0.02,0.0,31,,73,1005.9,
Lebrija,2024-03-11,53.8,64.4,45.5,8.6,3,2024-03-11T06:40,2024-03-11T18:27,34358.71,0.0,0.0,23,,78,1016.9,
Lebrija,2024-03-12,56.7,69.7,45.7,8.5,3,2024-03-12T06:38,2024-03-12T18:28,39358.71,0.0,0.0,48,,69,1015.5,
Lebrija,2024-03-13,56.4,70.1,45.5,9.2,3,2024-03-13T06:37,2024-03-13T18:29,34842.17,0.0,0.0,73,,67,1011.7,
Lebrija,2024-03-14,58.6,68.5,49.8,6.7,51,2024-03-14T06:35,2024-03-14T18:30,38816.88,0.028,0.0,39,,84,1015.3,
Lebrija,2024-03-15,60.5,70.1,54.6,5.3,51,2024-03-15T06:34,2024-03-15T18:31,23796.18,0.008,0.0,90,,87,1018.4,
Lebrija,2024-03-16,63.7,78.8,50.9,7.6,3,2024-03-16T06:32,2024-03-16T18:32,35336.93,0.0,0.0,65,,77,1018.5,
Lebrija,2024-03-17,64.1,80.8,50.6,7.6,3,2024-03-17T06:31,2024-03-17T18:33,37434.06,0.0,0.0,100,,72,1015.3,
Lebrija,2024-03-18,65.1,80.0,54.0,6.5,3,2024-03-18T06:29,2024-03-18T18:34,28704.11,0.0,0.0,100,,70,1012.5,
Lebrija,2024-03-19,65.0,79.9,55.4,8.3,3,2024-03-19T06:28,2024-03-19T18:35,39600.0,0.0,0.0,58,,74,1010.4,
Lebrija,2024-03-20,60.1,68.7,51.8,10.6,51,2024-03-20T06:26,2024-03-20T18:36,24400.63,0.016,0.0,57,,83,1010.0,
Lebrija,2024-03-21,62.0,77.8,50.9,12.8,61,2024-03-21T06:25,2024-03-21T18:37,26003.17,0.169,0.0,96,,76,1009.3,
Lebrija,2024-03-22,68.2,82.8,55.3,18.8,51,2024-03-22T06:23,2024-03-22T18:37,30909.7,0.012,0.0,98,,62,1006.8,
Lebrija,2024-03-23,66.5,78.8,57.9,6.7,51,2024-03-23T06:22,2024-03-23T18:38,26557.35,0.008,0.0,100,,65,1006.4,
Lebrija,2024-03-24,66.1,80.8,56.9,17.6,63,2024-03-24T06:20,2024-03-24T18:39,33352.71,0.465,0.0,95,,66,1002.0,
Lebrija,2024-03-25,59.8,62.9,55.2,17.9,53,2024-03-25T06:19,2024-03-25T18:40,7431.92,0.157,0.0,97,,82,997.7,
Lebrija,2024-03-26,53.9,59.7,48.5,19.8,61,2024-03-26T06:17,2024-03-26T18:41,38195.34,0.272,0.0,59,,68,998.5,
Lebrija,2024-03-27,58.7,64.8,53.4,24.2,63,2024-03-27T06:16,2024-03-27T18:42,36000.0,0.366,0.0,74,,75,1003.5,
Lebrija,2024-03-28,60.9,65.0,58.3,24.4,63,2024-03-28T06:14,2024-03-28T18:43,25002.09,0.484,0.0,95,,84,1001.3,
Lebrija,2024-03-29,56.1,59.4,50.7,19.4,63,2024-03-29T06:13,2024-03-29T18:44,16611.77,0.665,0.0,92,,81,996.2,
Lebrija,2024-03-30,54.6,61.3,49.8,18.9,61,2024-03-30T06:11,2024-03-30T18:44,22940.5,0.516,0.0,89,,82,993.7,
Lebrija,2024-03-31,54.5,58.2,50.5,17.1,63,2024-03-31T06:10,2024-03-31T18:45,7436.44,1.189,0.0,79,,82,998.2,
Lebrija,2024-04-01,56.1,64.6,48.9,10.9,51,2024-04-01T06:09,2024-04-01T18:46,40170.53,0.012,0.0,39,,75,1012.4,
Lebrija,2024-04-02,56.5,69.4,43.9,11.0,3,2024-04-02T06:07,2024-04-02T18:47,40033.69,0.0,0.0,58,,80,1015.0,
Lebrija,2024-04-03,60.1,69.3,51.9,5.5,53,2024-04-03T06:06,2024-04-03T18:48,20191.95,0.047,0.0,76,,86,1016.5,
Lebrija,2024-04-04,63.5,77.1,52.8,7.0,3,2024-04-04T06:04,2024-04-04T18:49,39600.0,0.0,0.0,73,,82,1013.6,
Lebrija,2024-04-05,66.8,81.5,50.9,16.3,3,2024-04-05T06:03,2024-04-05T18:50,39970.21,0.0,0.0,85,,67,1008.9,
Lebrija,2024-04-06,69.6,78.6,61.4,13.8,3,2024-04-06T06:01,2024-04-06T18:51,19327.75,0.0,0.0,100,,57,1006.0,
Lebrija,2024-04-07,65.8,76.1,57.8,9.9,53,2024-04-07T06:00,2024-04-07T18:51,40171.96,0.051,0.0,67,,77,1009.9,
Lebrija,2024-04-08,59.5,65.9,50.2,14.2,51,2024-04-08T05:59,2024-04-08T18:52,34991.02,0.039,0.0,45,,80,1013.6,
Lebrija,2024-04-09,58.9,70.9,48.2,13.8,2,2024-04-09T05:57,2024-04-09T18:53,42943.32,0.0,0.0,9,,56,1020.9,
Lebrija,2024-04-10,62.1,76.6,48.5,8.0,3,2024-04-10T05:56,2024-04-10T18:54,43156.52,0.0,0.0,22,,56,1021.9,
Lebrija,2024-04-11,67.3,81.2,57.2,11.3,3,2024-04-11T05:54,2024-04-11T18:55,43251.14,0.0,0.0,29,,52,1020.3,
Lebrija,2024-04-12,63.5,77.5,50.5,7.6,0,2024-04-12T05:53,2024-04-12T18:56,43591.35,0.0,0.0,0,,62,1023.4,
Lebrija,2024-04-13,65.5,81.0,51.3,9.3,0,2024-04-13T05:51,2024-04-13T18:57,43687.19,0.0,0.0,0,,60,1020.5,
Lebrija,2024-04-14,66.4,80.7,51.5,7.6,3,2024-04-14T05:50,2024-04-14T18:58,43908.87,0.0,0.0,14,,55,1018.0,
Lebrija,2024-04-15,68.6,83.4,55.0,8.7,3,2024-04-15T05:49,2024-04-15T18:59,44003.54,0.0,0.0,6,,62,1015.0,
Lebrija,2024-04-16,71.7,88.7,56.9,10.6,0,2024-04-16T05:47,2024-04-16T18:59,44455.51,0.0,0.0,0,,60,1011.1,
Lebrija,2024-04-17,67.8,82.0,56.7,10.3,3,2024-04-17T05:46,2024-04-17T19:00,43922.08,0.0,0.0,48,,67,1008.3,
Lebrija,2024-04-18,64.9,75.2,56.8,9.9,3,2024-04-18T05:45,2024-04-18T19:01,39821.47,0.0,0.0,65,,74,1010.2,
Lebrija,2024-04-19,66.3,75.6,57.3,16.5,51,2024-04-19T05:43,2024-04-19T19:02,39116.04,0.016,0.0,82,,62,1010.9,
Lebrija,2024-04-20,63.2,73.4,55.3,10.9,3,2024-04-20T05:42,2024-04-20T19:03,26822.04,0.0,0.0,90,,61,1009.6,
Lebrija,2024-04-21,64.2,75.2,53.6,10.3,3,2024-04-21T05:41,2024-04-21T19:04,43221.52,0.0,0.0,39,,62,1010.0,
Lebrija,2024-04-22,65.4,78.0,53.5,10.6,1,2024-04-22T05:39,2024-04-22T19:05,45209.26,0.0,0.0,11,,68,1009.4,
Lebrija,2024-04-23,66.2,77.9,54.8,9.4,0,2024-04-23T05:38,2024-04-23T19:06,45330.64,0.0,0.0,0,,45,1010.4,
Lebrija,2024-04-24,66.1,78.5,52.3,8.5,3,2024-04-24T05:37,2024-04-24T19:06,42975.54,0.0,0.0,47,,35,1011.7,
Lebrija,2024-04-25,65.8,76.2,55.2,13.3,3,2024-04-25T05:36,2024-04-25T19:07,44633.78,0.0,0.0,34,,54,1006.1,
Lebrija,2024-04-26,60.9,69.0,51.9,13.9,51,2024-04-26T05:35,2024-04-26T19:08,34485.24,0.031,0.0,58,,61,1004.6,
Lebrija,2024-04-27,61.1,67.0,56.3,17.2,61,2024-04-27T05:33,2024-04-27T19:09,34934.16,0.201,0.0,52,,67,1002.1,
Lebrija,2024-04-28,59.5,68.5,49.1,11.9,1,2024-04-28T05:32,2024-04-28T19:10,45877.62,0.0,0.0,14,,58,1008.0,
Lebrija,2024-04-29,59.8,70.4,48.4,11.8,3,2024-04-29T05:31,2024-04-29T19:11,45798.34,0.0,0.0,24,,55,1011.9,
Lebrija,2024-04-30,59.0,65.4,49.8,15.4,51,2024-04-30T05:30,2024-04-30T19:12,22757.05,0.028,0.0,59,,67,1014.5,
Lebrija,2024-05-01,60.7,67.8,55.2,14.4,53,2024-05-01T05:29,2024-05-01T19:13,37391.4,0.134,0.0,61,,63,1012.4,
Lebrija,2024-05-02,57.4,67.9,45.9,12.4,3,2024-05-02T05:28,2024-05-02T19:14,40154.98,0.0,0.0,61,,60,1015.4,
Lebrija,2024-05-03,62.6,75.5,48.4,7.7,3,2024-05-03T05:27,2024-05-03T19:15,46128.29,0.0,0.0,10,,56,1015.5,
Lebrija,2024-05-04,65.9,80.0,55.6,9.7,2,2024-05-04T05:26,2024-05-04T19:15,46177.92,0.0,0.0,9,,53,1013.8,
Lebrija,2024-05-05,65.0,75.5,54.2,12.6,3,2024-05-05T05:24,2024-05-05T19:16,46227.3,0.0,0.0,61,,76,1012.4,
Lebrija,2024-05-06,67.5,79.5,60.0,11.7,3,2024-05-06T05:23,2024-05-06T19:17,45301.98,0.0,0.0,42,,65,1010.5,
Lebrija,2024-05-07,70.7,85.2,54.1,9.1,3,2024-05-07T05:22,2024-05-07T19:18,46325.14,0.0,0.0,46,,52,1012.1,
Lebrija,2024-05-08,71.6,86.0,57.8,7.8,3,2024-05-08T05:21,2024-05-08T19:19,46373.54,0.0,0.0,55,,53,1011.6,
Lebrija,2024-05-09,71.3,84.2,57.5,12.5,3,2024-05-09T05:20,2024-05-09T19:20,46421.54,0.0,0.0,80,,38,1010.6,
Lebrija,2024-05-10,72.3,86.8,58.0,12.8,3,2024-05-10T05:20,2024-05-10T19:21,46253.6,0.0,0.0,89,,37,1009.3,
Lebrija,2024-05-11,71.8,86.8,58.6,11.7,3,2024-05-11T05:19,2024-05-11T19:21,46516.17,0.0,0.0,11,,38,1010.2,
Lebrija,2024-05-12,70.1,81.5,59.4,10.1,3,2024-05-12T05:18,2024-05-12T19:22,46562.91,0.0,0.0,42,,57,1010.9,
Lebrija,2024-05-13,69.9,83.0,60.8,13.0,3,2024-05-13T05:17,2024-05-13T19:23,46609.7,0.0,0.0,59,,65,1008.6,
Lebrija,2024-05-14,67.3,76.5,59.0,14.6,2,2024-05-14T05:16,2024-05-14T19:24,46656.49,0.0,0.0,12,,52,1007.3,
Lebrija,2024-05-15,64.3,75.0,54.3,17.4,1,2024-05-15T05:15,2024-05-15T19:25,46703.2,0.0,0.0,4,,49,1007.7,
Lebrija,2024-05-16,63.2,72.5,52.2,11.9,3,2024-05-16T05:15,2024-05-16T19:26,42506.62,0.0,0.0,31,,60,1008.5,
Lebrija,2024-05-17,65.0,73.9,56.9,12.4,3,2024-05-17T05:14,2024-05-17T19:26,40121.96,0.0,0.0,28,,66,1007.5,
Lebrija,2024-05-18,65.5,76.2,54.8,13.0,0,2024-05-18T05:13,2024-05-18T19:27,46800.0,0.0,0.0,0,,56,1007.9,
Lebrija,2024-05-19,64.2,74.7,55.1,14.5,3,2024-05-19T05:12,2024-05-19T19:28,46800.0,0.0,0.0,43,,60,1007.7,
Lebrija,2024-05-20,63.8,72.6,55.8,13.7,2,2024-05-20T05:12,2024-05-20T19:29,46864.57,0.0,0.0,10,,60,1010.4,
Lebrija,2024-05-21,64.0,73.1,54.2,12.5,51,2024-05-21T05:11,2024-05-21T19:30,45573.06,0.004,0.0,19,,62,1013.8,
Lebrija,2024-05-22,68.5,82.5,54.6,12.0,3,2024-05-22T05:10,2024-05-22T19:31,46956.31,0.0,0.0,37,,49,1013.3,
Lebrija,2024-05-23,72.6,86.2,60.5,11.0,3,2024-05-23T05:10,2024-05-23T19:31,42269.59,0.0,0.0,97,,39,1009.8,
Lebrija,2024-05-24,71.4,87.7,59.0,13.3,0,2024-05-24T05:09,2024-05-24T19:32,46951.54,0.0,0.0,0,,48,1010.2,
Lebrija,2024-05-25,73.5,88.7,60.4,10.3,3,2024-05-25T05:09,2024-05-25T19:33,46949.09,0.0,0.0,17,,54,1011.8,
Lebrija,2024-05-26,75.2,90.0,60.8,10.2,3,2024-05-26T05:08,2024-05-26T19:34,47053.21,0.0,0.0,7,,50,1011.5,
Lebrija,2024-05-27,74.5,87.7,62.9,9.7,3,2024-05-27T05:08,2024-05-27T19:34,47052.17,0.0,0.0,16,,43,1011.5,
Lebrija,2024-05-28,73.8,91.7,59.3,11.2,0,2024-05-28T05:07,2024-05-28T19:35,47160.39,0.0,0.0,2,,59,1011.9,
Lebrija,2024-05-29,77.4,94.5,64.0,10.7,0,2024-05-29T05:07,2024-05-29T19:36,47049.98,0.0,0.0,0,,59,1010.2,
Lebrija,2024-05-30,79.6,96.7,65.6,12.5,0,2024-05-30T05:06,2024-05-30T19:36,47160.52,0.0,0.0,0,,51,1005.7,
Lebrija,2024-05-31,80.8,95.5,66.2,11.0,0,2024-05-31T05:06,2024-05-31T19:37,47160.47,0.0,0.0,0,,46,1003.5,
Lebrija,2024-06-01,77.6,90.5,64.9,9.9,1,2024-06-01T05:06,2024-06-01T19:38,47160.38,0.0,0.0,5,,49,1006.7,
Lebrija,2024-06-02,77.2,88.6,66.1,8.7,0,2024-06-02T05:05,2024-06-02T19:38,47160.27,0.0,0.0,1,,49,1009.2,
Lebrija,2024-06-03,77.6,89.6,66.4,9.0,2,2024-06-03T05:05,2024-06-03T19:39,47275.4,0.0,0.0,6,,42,1009.3,
Lebrija,2024-06-04,74.4,86.9,64.0,11.1,3,2024-06-04T05:05,2024-06-04T19:39,44632.74,0.0,0.0,46,,55,1009.8,
Lebrija,2024-06-05,77.4,95.4,64.2,11.6,3,2024-06-05T05:04,2024-06-05T19:40,47043.57,0.0,0.0,45,,56,1009.3,
Lebrija,2024-06-06,80.5,97.8,69.8,12.5,3,2024-06-06T05:04,2024-06-06T19:41,46800.0,0.0,0.0,70,,46,1006.9,
Lebrija,2024-06-07,71.7,77.2,66.8,14.1,51,2024-06-07T05:04,2024-06-07T19:41,27191.9,0.008,0.0,94,,68,1008.9,
Lebrija,2024-06-08,69.5,77.5,63.5,14.7,51,2024-06-08T05:04,2024-06-08T19:42,43324.73,0.016,0.0,37,,66,1009.7,
Lebrija,2024-06-09,68.1,73.7,63.1,12.8,51,2024-06-09T05:04,2024-06-09T19:42,22556.93,0.047,0.0,60,,74,1008.8,
Lebrija,2024-06-10,69.9,79.3,62.4,12.9,51,2024-06-10T05:04,2024-06-10T19:43,47160.44,0.016,0.0,11,,71,1008.7,
Lebrija,2024-06-11,70.7,81.3,62.6,12.0,3,2024-06-11T05:04,2024-06-11T19:43,47160.67,0.0,0.0,44,,68,1010.5,
Lebrija,2024-06-12,72.2,83.3,62.3,10.9,2,2024-06-12T05:04,2024-06-12T19:44,47160.96,0.0,0.0,17,,67,1012.4,
Lebrija,2024-06-13,74.7,89.8,59.6,12.5,1,2024-06-13T05:04,2024-06-13T19:44,47397.79,0.0,0.0,2,,60,1013.4,
Lebrija,2024-06-14,77.5,91.1,65.6,12.5,51,2024-06-14T05:04,2024-06-14T19:45,46925.32,0.004,0.0,34,,51,1010.7,
Lebrija,2024-06-15,75.1,86.7,64.6,13.5,3,2024-06-15T05:04,2024-06-15T19:45,47400.97,0.0,0.0,8,,53,1010.2,
Lebrija,2024-06-16,72.3,83.5,60.3,10.1,0,2024-06-16T05:04,2024-06-16T19:45,47516.09,0.0,0.0,0,,56,1009.5,
Lebrija,2024-06-17,74.2,88.2,61.8,12.9,1,2024-06-17T05:04,2024-06-17T19:46,47397.86,0.0,0.0,1,,59,1007.9,
Lebrija,2024-06-18,70.0,79.0,63.3,15.2,51,2024-06-18T05:04,2024-06-18T19:46,37478.56,0.02,0.0,41,,72,1010.1,
Lebrija,2024-06-19,66.5,73.6,59.9,15.2,55,2024-06-19T05:04,2024-06-19T19:46,46701.77,0.118,0.0,37,,69,1012.0,
Lebrija,2024-06-20,67.4,76.7,57.8,12.1,3,2024-06-20T05:04,2024-06-20T19:46,47280.51,0.0,0.0,20,,64,1014.6,
Lebrija,2024-06-21,74.7,89.1,58.9,10.3,0,2024-06-21T05:05,2024-06-21T19:47,47246.08,0.0,0.0,1,,54,1014.8,
Lebrija,2024-06-22,80.0,96.8,62.4,10.7,0,2024-06-22T05:05,2024-06-22T19:47,47475.79,0.0,0.0,0,,41,1013.0,
Lebrija,2024-06-23,82.8,100.6,65.3,12.1,3,2024-06-23T05:05,2024-06-23T19:47,44250.69,0.0,0.0,42,,39,1008.0,
Lebrija,2024-06-24,82.3,98.0,69.4,13.5,3,2024-06-24T05:05,2024-06-24T19:47,47244.8,0.0,0.0,16,,40,1005.6,
Lebrija,2024-06-25,79.2,94.1,68.2,13.6,2,2024-06-25T05:06,2024-06-25T19:47,47357.25,0.0,0.0,4,,52,1005.1,
Lebrija,2024-06-26,73.0,81.5,67.0,12.4,3,2024-06-26T05:06,2024-06-26T19:47,37051.72,0.0,0.0,73,,66,1005.4,
Lebrija,2024-06-27,71.9,81.5,64.4,10.7,3,2024-06-27T05:07,2024-06-27T19:47,46877.27,0.0,0.0,44,,62,1007.9,
Lebrija,2024-06-28,70.0,77.2,63.9,13.9,61,2024-06-28T05:07,2024-06-28T19:47,46800.0,0.146,0.0,41,,69,1011.3,
Lebrija,2024-06-29,70.9,76.1,65.4,10.7,51,2024-06-29T05:07,2024-06-29T19:47,21528.35,0.004,0.0,62,,71,1012.6,
Lebrija,2024-06-30,72.3,84.3,61.1,14.6,3,2024-06-30T05:08,2024-06-30T19:47,47059.5,0.0,0.0,23,,67,1011.1,
Lebrija,2024-07-01,74.6,86.8,64.0,12.0,0,2024-07-01T05:08,2024-07-01T19:47,47137.46,0.0,0.0,2,,60,1013.3,
Lebrija,2024-07-02,79.4,98.2,63.8,12.1,0,2024-07-02T05:09,2024-07-02T19:47,47138.59,0.0,0.0,0,,51,1011.2,
Lebrija,2024-07-03,84.2,102.2,68.9,12.6,0,2024-07-03T05:09,2024-07-03T19:47,47139.74,0.0,0.0,0,,44,1007.7,
Lebrija,2024-07-04,87.1,104.6,74.0,14.5,0,2024-07-04T05:10,2024-07-04T19:47,47140.84,0.0,0.0,0,,38,1005.8,
Lebrija,2024-07-05,79.6,93.4,70.1,13.8,3,2024-07-05T05:10,2024-07-05T19:47,46963.3,0.0,0.0,7,,54,1006.8,
Lebrija,2024-07-06,74.5,82.3,68.9,13.6,51,2024-07-06T05:11,2024-07-06T19:46,36052.11,0.012,0.0,45,,65,1008.4,
Lebrija,2024-07-07,71.5,80.9,63.0,11.5,0,2024-07-07T05:11,2024-07-07T19:46,46951.73,0.0,0.0,0,,55,1009.1,
Lebrija,2024-07-08,73.3,88.8,60.7,10.4,1,2024-07-08T05:12,2024-07-08T19:46,46956.17,0.0,0.0,2,,58,1010.0,
Lebrija,2024-07-09,74.8,88.2,61.7,10.6,3,2024-07-09T05:13,2024-07-09T19:45,46877.2,0.0,0.0,8,,53,1011.3,
Lebrija,2024-07-10,81.1,98.4,66.2,11.5,0,2024-07-10T05:13,2024-07-10T19:45,46800.0,0.0,0.0,0,,58,1012.1,
Lebrija,2024-07-11,84.5,98.3,71.3,10.8,0,2024-07-11T05:14,2024-07-11T19:45,46800.23,0.0,0.0,0,,55,1011.4,
Lebrija,2024-07-12,82.9,94.3,72.0,10.0,0,2024-07-12T05:14,2024-07-12T19:44,46803.05,0.0,0.0,0,,47,1009.3,
Lebrija,2024-07-13,76.8,88.5,67.0,11.0,1,2024-07-13T05:15,2024-07-13T19:44,46809.98,0.0,0.0,4,,61,1007.2,
Lebrija,2024-07-14,75.6,89.8,64.0,10.2,0,2024-07-14T05:16,2024-07-14T19:43,46817.54,0.0,0.0,0,,57,1009.3,
Lebrija,2024-07-15,76.6,89.3,65.4,12.7,0,2024-07-15T05:16,2024-07-15T19:43,46800.0,0.0,0.0,0,,62,1011.1,
Lebrija,2024-07-16,79.3,94.0,67.1,10.7,0,2024-07-16T05:17,2024-07-16T19:42,46800.0,0.0,0.0,0,,52,1010.6,
Lebrija,2024-07-17,80.5,96.6,64.4,9.6,0,2024-07-17T05:18,2024-07-17T19:42,46800.0,0.0,0.0,0,,52,1010.2,
Lebrija,2024-07-18,81.2,93.0,70.9,13.3,63,2024-07-18T05:19,2024-07-18T19:41,37491.38,0.244,0.0,25,,56,1011.6,
Lebrija,2024-07-19,85.9,103.1,72.5,10.3,0,2024-07-19T05:19,2024-07-19T19:41,46800.0,0.0,0.0,0,,47,1011.7,
Lebrija,2024-07-20,83.1,97.7,70.2,13.3,0,2024-07-20T05:20,2024-07-20T19:40,46800.0,0.0,0.0,0,,50,1008.1,
Lebrija,2024-07-21,79.4,88.9,70.9,11.7,0,2024-07-21T05:21,2024-07-21T19:39,46800.0,0.0,0.0,0,,54,1008.7,
Lebrija,2024-07-22,81.1,99.5,65.9,10.7,0,2024-07-22T05:22,2024-07-22T19:39,46800.0,0.0,0.0,0,,59,1010.5,
Lebrija,2024-07-23,87.1,104.2,72.4,7.9,0,2024-07-23T05:22,2024-07-23T19:38,46800.0,0.0,0.0,0,,48,1012.3,
Lebrija,2024-07-24,87.5,107.0,72.3,11.8,1,2024-07-24T05:23,2024-07-24T19:37,46800.0,0.0,0.0,3,,40,1010.8,
Lebrija,2024-07-25,82.9,96.6,72.2,13.0,0,2024-07-25T05:24,2024-07-25T19:36,46800.0,0.0,0.0,0,,49,1006.3,
Lebrija,2024-07-26,78.5,90.7,67.5,9.5,0,2024-07-26T05:25,2024-07-26T19:36,46800.0,0.0,0.0,1,,62,1005.6,
Lebrija,2024-07-27,77.8,91.3,65.6,9.6,0,2024-07-27T05:26,2024-07-27T19:35,46800.0,0.0,0.0,1,,66,1007.2,
Lebrija,2024-07-28,84.7,100.5,72.4,10.3,3,2024-07-28T05:26,2024-07-28T19:34,46800.0,0.0,0.0,46,,55,1007.6,
Lebrija,2024-07-29,84.9,101.1,75.7,13.4,3,2024-07-29T05:27,2024-07-29T19:33,45344.79,0.0,0.0,41,,58,1007.5,
Lebrija,2024-07-30,81.1,93.5,73.0,10.5,3,2024-07-30T05:28,2024-07-30T19:32,42577.91,0.0,0.0,30,,69,1009.2,
Lebrija,2024-07-31,82.5,96.8,69.6,8.7,0,2024-07-31T05:29,2024-07-31T19:31,46800.0,0.0,0.0,0,,56,1009.4,
Lebrija,2024-08-01,81.8,95.7,70.2,10.6,0,2024-08-01T05:30,2024-08-01T19:30,46800.0,0.0,0.0,0,,56,1008.9,
Lebrija,2024-08-02,80.5,92.1,70.2,11.8,0,2024-08-02T05:30,2024-08-02T19:30,46800.0,0.0,0.0,0,,53,1008.4,
Lebrija,2024-08-03,81.6,97.1,69.5,11.0,0,2024-08-03T05:31,2024-08-03T19:29,46800.0,0.0,0.0,0,,49,1007.7,
Lebrija,2024-08-04,82.0,97.7,69.3,11.4,0,2024-08-04T05:32,2024-08-04T19:27,46800.0,0.0,0.0,0,,55,1008.3,
Lebrija,2024-08-05,82.0,95.8,70.7,11.2,0,2024-08-05T05:33,2024-08-05T19:26,46800.0,0.0,0.0,0,,57,1007.2,
Lebrija,2024-08-06,79.9,92.6,69.0,9.6,3,2024-08-06T05:34,2024-08-06T19:25,45513.99,0.0,0.0,13,,66,1006.1,
Lebrija,2024-08-07,81.1,98.6,68.0,10.9,1,2024-08-07T05:34,2024-08-07T19:24,46605.68,0.0,0.0,4,,63,1005.7,
Lebrija,2024-08-08,80.1,91.5,70.7,9.1,1,2024-08-08T05:35,2024-08-08T19:23,46495.85,0.0,0.0,2,,63,1009.1,
Lebrija,2024-08-09,80.9,95.9,68.6,10.4,1,2024-08-09T05:36,2024-08-09T19:22,46384.64,0.0,0.0,4,,65,1010.9,
Lebrija,2024-08-10,85.7,102.9,72.4,9.0,0,2024-08-10T05:37,2024-08-10T19:21,46272.15,0.0,0.0,0,,56,1009.2,
Lebrija,2024-08-11,82.3,98.9,72.5,13.8,0,2024-08-11T05:38,2024-08-11T19:20,46158.49,0.0,0.0,0,,66,1007.8,
Lebrija,2024-08-12,79.6,95.0,71.2,9.8,3,2024-08-12T05:39,2024-08-12T19:19,46043.73,0.0,0.0,28,,64,1008.6,
Lebrija,2024-08-13,79.5,91.4,69.7,13.4,3,2024-08-13T05:39,2024-08-13T19:17,45927.98,0.0,0.0,19,,56,1007.9,
Lebrija,2024-08-14,78.9,88.7,70.1,10.3,3,2024-08-14T05:40,2024-08-14T19:16,45811.35,0.0,0.0,20,,52,1008.4,
Lebrija,2024-08-15,82.9,100.9,67.5,8.3,1,2024-08-15T05:41,2024-08-15T19:15,45693.91,0.0,0.0,1,,55,1008.7,
Lebrija,2024-08-16,85.1,102.9,70.8,9.4,0,2024-08-16T05:42,2024-08-16T19:14,45575.76,0.0,0.0,0,,51,1009.5,
Lebrija,2024-08-17,87.0,104.2,71.5,9.5,3,2024-08-17T05:43,2024-08-17T19:12,45456.98,0.0,0.0,9,,45,1009.3,
Lebrija,2024-08-18,88.4,104.9,73.3,11.5,2,2024-08-18T05:44,2024-08-18T19:11,45337.69,0.0,0.0,6,,44,1007.1,
Lebrija,2024-08-19,84.1,94.4,75.0,12.2,0,2024-08-19T05:44,2024-08-19T19:10,45217.95,0.0,0.0,0,,54,1007.0,
Lebrija,2024-08-20,80.7,92.8,70.1,8.1,0,2024-08-20T05:45,2024-08-20T19:09,45097.5,0.0,0.0,0,,63,1008.5,
Lebrija,2024-08-21,82.4,96.8,71.7,11.5,0,2024-08-21T05:46,2024-08-21T19:07,44975.61,0.0,0.0,0,,60,1009.7,
Lebrija,2024-08-22,79.7,90.5,72.0,9.9,3,2024-08-22T05:47,2024-08-22T19:06,39917.32,0.0,0.0,17,,70,1010.5,
Lebrija,2024-08-23,79.5,92.3,68.2,8.1,0,2024-08-23T05:48,2024-08-23T19:05,44727.59,0.0,0.0,2,,62,1008.7,
Lebrija,2024-08-24,83.8,96.2,73.3,10.5,0,2024-08-24T05:49,2024-08-24T19:03,44601.68,0.0,0.0,0,,49,1007.8,
Lebrija,2024-08-25,84.8,100.2,72.5,12.3,0,2024-08-25T05:49,2024-08-25T19:02,44428.83,0.0,0.0,0,,50,1009.0,
Lebrija,2024-08-26,82.6,96.8,72.5,15.5,2,2024-08-26T05:50,2024-08-26T19:01,43826.85,0.0,0.0,10,,66,1010.1,
Lebrija,2024-08-27,83.5,97.9,75.2,12.8,3,2024-08-27T05:51,2024-08-27T18:59,43762.74,0.0,0.0,43,,65,1009.3,
Lebrija,2024-08-28,80.2,90.1,73.6,11.5,3,2024-08-28T05:52,2024-08-28T18:58,43444.16,0.0,0.0,13,,72,1008.6,
Lebrija,2024-08-29,80.7,95.1,73.7,13.0,51,2024-08-29T05:53,2024-08-29T18:56,22943.82,0.016,0.0,65,,65,1008.8,
Lebrija,2024-08-30,84.4,95.4,74.3,11.3,51,2024-08-30T05:53,2024-08-30T18:55,41396.54,0.016,0.0,22,,58,1007.2,
Lebrija,2024-08-31,82.5,92.5,75.9,10.7,51,2024-08-31T05:54,2024-08-31T18:53,38450.86,0.004,0.0,53,,67,1007.7,
Lebrija,2024-09-01,80.4,90.4,73.5,10.5,3,2024-09-01T05:55,2024-09-01T18:52,37212.79,0.0,0.0,45,,67,1008.5,
Lebrija,2024-09-02,78.1,88.5,69.6,11.1,2,2024-09-02T05:56,2024-09-02T18:50,42565.46,0.0,0.0,3,,61,1008.0,
Lebrija,2024-09-03,74.7,84.5,67.7,11.8,0,2024-09-03T05:57,2024-09-03T18:49,42510.07,0.0,0.0,0,,60,1008.3,
Lebrija,2024-09-04,75.1,88.6,64.7,10.9,0,2024-09-04T05:57,2024-09-04T18:48,42251.4,0.0,0.0,0,,65,1008.9,
Lebrija,2024-09-05,76.9,90.9,64.6,11.5,0,2024-09-05T05:58,2024-09-05T18:46,42199.93,0.0,0.0,0,,60,1004.9,
Lebrija,2024-09-06,74.8,87.4,65.1,11.0,0,2024-09-06T05:59,2024-09-06T18:45,42054.66,0.0,0.0,0,,56,1002.7,
Lebrija,2024-09-07,70.8,86.3,61.0,14.0,61,2024-09-07T06:00,2024-09-07T18:43,27045.52,0.11,0.0,62,,50,1006.5,
Lebrija,2024-09-08,72.2,85.8,61.5,12.1,2,2024-09-08T06:01,2024-09-08T18:42,41495.98,0.0,0.0,6,,61,1009.8,
Lebrija,2024-09-09,71.1,83.2,62.1,10.8,0,2024-09-09T06:02,2024-09-09T18:40,41361.66,0.0,0.0,0,,67,1013.9,
Lebrija,2024-09-10,70.2,82.6,60.8,10.3,3,2024-09-10T06:02,2024-09-10T18:39,39777.12,0.0,0.0,16,,72,1013.0,
Lebrija,2024-09-11,71.1,82.4,63.4,11.1,3,2024-09-11T06:03,2024-09-11T18:37,40882.93,0.0,0.0,16,,72,1011.2,
Lebrija,2024-09-12,73.9,88.3,63.8,10.6,3,2024-09-12T06:04,2024-09-12T18:36,36000.0,0.0,0.0,44,,68,1010.8,
Lebrija,2024-09-13,79.5,93.8,65.9,9.9,3,2024-09-13T06:05,2024-09-13T18:34,40744.64,0.0,0.0,29,,53,1009.7,
Lebrija,2024-09-14,78.6,89.6,68.7,16.0,3,2024-09-14T06:06,2024-09-14T18:33,40618.2,0.0,0.0,28,,56,1012.6,
Lebrija,2024-09-15,78.7,92.7,66.4,8.1,3,2024-09-15T06:06,2024-09-15T18:31,40611.16,0.0,0.0,18,,50,1011.1,
Lebrija,2024-09-16,78.6,94.6,66.7,10.6,3,2024-09-16T06:07,2024-09-16T18:30,40603.45,0.0,0.0,23,,51,1008.4,
Lebrija,2024-09-17,75.8,86.7,66.9,12.2,3,2024-09-17T06:08,2024-09-17T18:28,38026.67,0.0,0.0,42,,61,1005.6,
Lebrija,2024-09-18,75.9,88.9,66.1,10.4,1,2024-09-18T06:09,2024-09-18T18:26,40255.37,0.0,0.0,11,,62,1006.2,
Lebrija,2024-09-19,72.6,82.4,65.7,14.8,63,2024-09-19T06:10,2024-09-19T18:25,37052.08,0.197,0.0,61,,72,1007.5,
Lebrija,2024-09-20,72.6,83.3,65.0,11.5,51,2024-09-20T06:10,2024-09-20T18:23,33407.7,0.016,0.0,69,,73,1008.0,
Lebrija,2024-09-21,71.3,78.5,65.7,10.4,53,2024-09-21T06:11,2024-09-21T18:22,39011.58,0.039,0.0,39,,73,1009.8,
Lebrija,2024-09-22,70.3,80.0,63.1,11.2,51,2024-09-22T06:12,2024-09-22T18:20,39659.05,0.008,0.0,27,,76,1012.0,
Lebrija,2024-09-23,70.3,81.0,63.8,10.6,3,2024-09-23T06:13,2024-09-23T18:19,36546.63,0.0,0.0,62,,70,1012.1,
Lebrija,2024-09-24,68.3,79.4,59.0,11.1,3,2024-09-24T06:14,2024-09-24T18:17,39142.01,0.0,0.0,67,,68,1012.2,
Lebrija,2024-09-25,72.2,79.1,66.7,9.6,51,2024-09-25T06:14,2024-09-25T18:16,23982.29,0.004,0.0,90,,78,1013.4,
Lebrija,2024-09-26,73.5,78.9,69.6,15.7,51,2024-09-26T06:15,2024-09-26T18:14,34360.89,0.039,0.0,84,,76,1013.2,
Lebrija,2024-09-27,70.7,80.0,61.5,11.9,3,2024-09-27T06:16,2024-09-27T18:13,39022.78,0.0,0.0,61,,64,1014.2,
Lebrija,2024-09-28,70.5,84.7,58.1,12.4,3,2024-09-28T06:17,2024-09-28T18:11,39021.77,0.0,0.0,48,,45,1014.6,
Lebrija,2024-09-29,72.8,86.6,60.3,7.0,0,2024-09-29T06:18,2024-09-29T18:10,38849.59,0.0,0.0,0,,56,1015.4,
Lebrija,2024-09-30,74.1,88.1,62.4,8.2,0,2024-09-30T06:19,2024-09-30T18:08,38682.29,0.0,0.0,0,,57,1014.0,
Lebrija,2024-10-01,72.8,86.1,61.1,6.9,3,2024-10-01T06:20,2024-10-01T18:07,38596.5,0.0,0.0,33,,62,1012.3,
Lebrija,2024-10-02,74.8,85.4,66.2,13.6,3,2024-10-02T06:20,2024-10-02T18:05,38320.28,0.0,0.0,72,,66,1010.5,
Lebrija,2024-10-03,74.8,83.1,68.9,12.9,3,2024-10-03T06:21,2024-10-03T18:04,36654.52,0.0,0.0,38,,69,1010.1,
Lebrija,2024-10-04,72.6,81.5,65.3,11.7,3,2024-10-04T06:22,2024-10-04T18:02,38243.39,0.0,0.0,40,,76,1010.7,
Lebrija,2024-10-05,73.5,85.6,66.6,12.9,3,2024-10-05T06:23,2024-10-05T18:01,38153.35,0.0,0.0,30,,77,1010.7,
Lebrija,2024-10-06,72.8,85.7,64.9,8.7,3,2024-10-06T06:24,2024-10-06T18:00,33553.63,0.0,0.0,60,,74,1008.8,
Lebrija,2024-10-07,69.8,79.1,65.2,18.3,61,2024-10-07T06:25,2024-10-07T17:58,28723.26,0.138,0.0,81,,81,1005.7,
Lebrija,2024-10-08,68.6,77.0,62.4,11.0,51,2024-10-08T06:26,2024-10-08T17:57,36000.0,0.004,0.0,81,,76,1010.6,
Lebrija,2024-10-09,68.7,74.9,64.6,22.8,61,2024-10-09T06:26,2024-10-09T17:55,12173.87,0.142,0.0,64,,83,1007.8,
Lebrija,2024-10-10,66.6,75.0,60.8,6.9,3,2024-10-10T06:27,2024-10-10T17:54,28783.28,0.0,0.0,52,,75,1010.5,
Lebrija,2024-10-11,68.4,75.7,61.3,15.1,55,2024-10-11T06:28,2024-10-11T17:52,21090.47,0.11,0.0,88,,80,1009.3,
Lebrija,2024-10-12,67.5,70.1,66.2,16.0,65,2024-10-12T06:29,2024-10-12T17:51,0.0,4.154,0.0,100,,92,1007.0,
Lebrija,2024-10-13,69.7,78.0,64.0,11.5,61,2024-10-13T06:30,2024-10-13T17:49,32235.38,0.11,0.0,66,,81,1010.3,
Lebrija,2024-10-14,67.4,74.5,62.7,6.9,63,2024-10-14T06:31,2024-10-14T17:48,29668.15,0.382,0.0,81,,90,1008.5,
Lebrija,2024-10-15,66.3,68.4,63.5,19.5,63,2024-10-15T06:32,2024-10-15T17:47,3600.0,1.024,0.0,91,,91,1004.6,
Lebrija,2024-10-16,68.8,74.0,63.7,17.7,65,2024-10-16T06:33,2024-10-16T17:45,36342.88,0.661,0.0,64,,86,1007.4,
Lebrija,2024-10-17,64.0,71.4,57.7,11.9,61,2024-10-17T06:34,2024-10-17T17:44,36070.36,0.059,0.0,20,,78,1017.5,
Lebrija,2024-10-18,61.8,70.7,54.1,8.4,51,2024-10-18T06:35,2024-10-18T17:43,31212.07,0.012,0.0,58,,83,1020.0,
Lebrija,2024-10-19,66.3,74.8,59.4,4.9,3,2024-10-19T06:36,2024-10-19T17:42,35257.72,0.0,0.0,88,,82,1017.9,
Lebrija,2024-10-20,66.5,77.9,59.2,7.0,3,2024-10-20T06:37,2024-10-20T17:40,36003.12,0.0,0.0,43,,79,1017.7,
Lebrija,2024-10-21,66.4,79.8,56.3,6.0,3,2024-10-21T06:37,2024-10-21T17:39,35777.83,0.0,0.0,57,,76,1017.5,
Lebrija,2024-10-22,67.2,78.7,59.3,5.9,3,2024-10-22T06:38,2024-10-22T17:38,35746.32,0.0,0.0,26,,75,1017.7,
Lebrija,2024-10-23,67.1,79.0,58.0,8.3,3,2024-10-23T06:39,2024-10-23T17:37,35655.61,0.0,0.0,17,,74,1016.9,
Lebrija,2024-10-24,68.4,79.0,58.9,8.8,3,2024-10-24T06:40,2024-10-24T17:35,35593.7,0.0,0.0,46,,74,1016.1,
Lebrija,2024-10-25,64.0,70.3,57.1,11.5,53,2024-10-25T06:41,2024-10-25T17:34,17691.05,0.047,0.0,64,,73,1014.5,
Lebrija,2024-10-26,57.1,64.5,48.8,14.3,63,2024-10-26T06:42,2024-10-26T17:33,17945.73,0.618,0.0,43,,77,1015.1,
Lebrija,2024-10-27,56.5,64.0,50.5,9.9,51,2024-10-27T06:43,2024-10-27T17:32,35405.12,0.012,0.0,46,,75,1011.9,
Lebrija,2024-10-28,57.1,68.8,47.8,14.1,63,2024-10-28T06:44,2024-10-28T17:31,27782.78,0.11,0.0,79,,68,1010.3,
Lebrija,2024-10-29,57.1,62.4,52.1,10.9,63,2024-10-29T06:45,2024-10-29T17:29,1019.16,0.654,0.0,88,,88,1006.3,
Lebrija,2024-10-30,58.1,63.0,52.2,18.1,63,2024-10-30T06:46,2024-10-30T17:28,101.55,1.445,0.0,91,,92,1007.2,
Lebrija,2024-10-31,62.6,67.2,59.3,16.1,63,2024-10-31T06:47,2024-10-31T17:27,15384.56,0.445,0.0,96,,90,1012.6,
Lebrija,2024-11-01,61.2,68.2,57.6,7.2,63,2024-11-01T06:48,2024-11-01T17:26,11054.94,0.307,0.0,94,,91,1013.5,
Lebrija,2024-11-02,62.1,73.0,54.5,4.8,63,2024-11-02T06:49,2024-11-02T17:25,34406.61,0.118,0.0,18,,87,1012.7,
Lebrija,2024-11-03,63.3,75.5,53.7,7.7,3,2024-11-03T06:50,2024-11-03T17:24,27753.61,0.0,0.0,60,,81,1012.0,
Lebrija,2024-11-04,63.5,75.3,55.8,7.2,51,2024-11-04T06:51,2024-11-04T17:23,34683.9,0.008,0.0,48,,83,1014.2,
Lebrija,2024-11-05,61.6,71.6,53.9,6.5,3,2024-11-05T06:52,2024-11-05T17:22,33065.73,0.0,0.0,23,,89,1017.9,
Lebrija,2024-11-06,63.1,74.6,54.3,6.2,0,2024-11-06T06:53,2024-11-06T17:21,34432.05,0.0,0.0,1,,83,1016.6,
Lebrija,2024-11-07,62.0,75.3,51.5,7.8,3,2024-11-07T06:54,2024-11-07T17:20,34309.2,0.0,0.0,51,,82,1015.1,
Lebrija,2024-11-08,63.8,72.3,56.2,11.3,3,2024-11-08T06:55,2024-11-08T17:19,17247.9,0.0,0.0,85,,83,1016.5,
Lebrija,2024-11-09,62.2,69.8,56.4,6.5,51,2024-11-09T06:56,2024-11-09T17:19,18568.92,0.008,0.0,64,,90,1020.3,
Lebrija,2024-11-10,61.4,72.6,54.8,9.0,3,2024-11-10T06:58,2024-11-10T17:18,33949.08,0.0,0.0,25,,78,1020.3,
Lebrija,2024-11-11,61.6,72.6,54.6,10.8,3,2024-11-11T06:59,2024-11-11T17:17,33830.73,0.0,0.0,27,,74,1017.5,
Lebrija,2024-11-12,60.0,72.6,50.0,6.4,3,2024-11-12T07:00,2024-11-12T17:16,33713.4,0.0,0.0,12,,78,1013.0,
Lebrija,2024-11-13,55.7,64.1,50.6,10.5,63,2024-11-13T07:01,2024-11-13T17:15,31310.8,0.445,0.0,52,,78,1005.6,
Lebrija,2024-11-14,58.3,67.4,52.7,12.5,63,2024-11-14T07:02,2024-11-14T17:15,6595.92,1.461,0.0,94,,87,1009.2,
Lebrija,2024-11-15,62.6,73.9,56.0,16.8,61,2024-11-15T07:03,2024-11-15T17:14,21786.58,0.059,0.0,86,,79,1009.8,
Lebrija,2024-11-16,65.7,76.4,57.3,16.8,61,2024-11-16T07:04,2024-11-16T17:13,25281.53,0.11,0.0,83,,70,1009.9,
Lebrija,2024-11-17,63.5,72.7,57.0,8.5,3,2024-11-17T07:05,2024-11-17T17:13,14730.83,0.0,0.0,79,,74,1012.0,
Lebrija,2024-11-18,60.9,72.0,53.4,5.6,3,2024-11-18T07:06,2024-11-18T17:12,28764.16,0.0,0.0,79,,86,1014.5,
Lebrija,2024-11-19,63.1,72.9,57.1,5.9,51,2024-11-19T07:07,2024-11-19T17:12,32614.63,0.031,0.0,44,,81,1015.8,
Lebrija,2024-11-20,59.1,67.7,52.6,7.2,1,2024-11-20T07:08,2024-11-20T17:11,32225.95,0.0,0.0,6,,81,1019.5,
Lebrija,2024-11-21,57.4,65.1,49.6,8.7,3,2024-11-21T07:09,2024-11-21T17:10,26979.47,0.0,0.0,44,,79,1018.0,
Lebrija,2024-11-22,59.7,68.3,53.3,7.8,51,2024-11-22T07:10,2024-11-22T17:10,31353.65,0.004,0.0,35,,82,1016.8,
Lebrija,2024-11-23,60.9,73.4,53.9,9.0,3,2024-11-23T07:11,2024-11-23T17:10,31979.44,0.0,0.0,20,,78,1016.3,
Lebrija,2024-11-24,63.9,72.5,53.6,17.6,3,2024-11-24T07:12,2024-11-24T17:09,8364.58,0.0,0.0,80,,60,1012.0,
Lebrija,2024-11-25,63.7,69.8,55.3,15.9,65,2024-11-25T07:13,2024-11-25T17:09,17861.12,1.114,0.0,63,,74,1014.9,
Lebrija,2024-11-26,56.5,66.4,50.6,6.3,3,2024-11-26T07:14,2024-11-26T17:08,21368.5,0.0,0.0,74,,83,1017.9,
Lebrija,2024-11-27,55.2,67.9,46.0,5.3,2,2024-11-27T07:15,2024-11-27T17:08,31638.53,0.0,0.0,13,,84,1018.3,
Lebrija,2024-11-28,59.3,74.5,48.1,5.7,3,2024-11-28T07:16,2024-11-28T17:08,31364.1,0.0,0.0,17,,82,1019.3,
Lebrija,2024-11-29,58.8,69.6,51.4,4.8,3,2024-11-29T07:17,2024-11-29T17:08,29443.32,0.0,0.0,68,,84,1021.4,
Lebrija,2024-11-30,61.4,75.2,53.6,7.5,3,2024-11-30T07:18,2024-11-30T17:07,31147.48,0.0,0.0,49,,77,1021.6,
Lebrija,2024-12-01,59.7,69.2,54.3,8.0,3,2024-12-01T07:19,2024-12-01T17:07,15043.65,0.0,0.0,82,,73,1018.7,
Lebrija,2024-12-02,57.7,68.9,50.4,3.9,3,2024-12-02T07:19,2024-12-02T17:07,18291.39,0.0,0.0,61,,82,1018.7,
Lebrija,2024-12-03,57.8,67.5,51.7,7.5,51,2024-12-03T07:20,2024-12-03T17:07,30547.75,0.016,0.0,44,,85,1019.2,
Lebrija,2024-12-04,55.5,66.2,47.7,8.2,51,2024-12-04T07:21,2024-12-04T17:07,30971.98,0.004,0.0,41,,82,1022.1,
Lebrija,2024-12-05,54.9,67.1,47.1,6.3,3,2024-12-05T07:22,2024-12-05T17:07,31148.8,0.0,0.0,48,,81,1025.2,
Lebrija,2024-12-06,56.4,69.8,48.5,7.6,3,2024-12-06T07:23,2024-12-06T17:07,31146.28,0.0,0.0,20,,79,1024.0,
Lebrija,2024-12-07,55.6,66.7,48.1,6.0,3,2024-12-07T07:24,2024-12-07T17:07,30059.86,0.0,0.0,85,,84,1022.1,
Lebrija,2024-12-08,51.6,61.3,44.2,12.4,3,2024-12-08T07:25,2024-12-08T17:07,31108.62,0.0,0.0,27,,66,1019.9,
Lebrija,2024-12-09,47.2,57.6,39.5,7.1,0,2024-12-09T07:26,2024-12-09T17:07,31114.56,0.0,0.0,0,,68,1017.1,
Lebrija,2024-12-10,45.1,58.4,36.5,7.8,0,2024-12-10T07:26,2024-12-10T17:07,31121.76,0.0,0.0,0,,72,1014.1,
Lebrija,2024-12-11,45.7,58.4,35.8,6.2,51,2024-12-11T07:27,2024-12-11T17:07,31122.68,0.004,0.0,23,,77,1011.7,
Lebrija,2024-12-12,48.3,55.0,42.0,7.5,61,2024-12-12T07:28,2024-12-12T17:08,5887.37,0.173,0.0,64,,87,1012.3,
Lebrija,2024-12-13,52.0,61.6,45.7,6.2,51,2024-12-13T07:29,2024-12-13T17:08,31145.03,0.004,0.0,15,,84,1017.6,
Lebrija,2024-12-14,49.8,61.9,40.5,9.1,3,2024-12-14T07:29,2024-12-14T17:08,30229.5,0.0,0.0,64,,79,1024.1,
Lebrija,2024-12-15,51.3,62.7,45.1,11.2,3,2024-12-15T07:30,2024-12-15T17:08,31175.05,0.0,0.0,78,,66,1027.4,
Lebrija,2024-12-16,51.7,65.5,41.7,6.5,3,2024-12-16T07:31,2024-12-16T17:09,31179.67,0.0,0.0,45,,76,1027.8,
Lebrija,2024-12-17,50.3,62.3,42.3,5.7,3,2024-12-17T07:31,2024-12-17T17:09,31162.88,0.0,0.0,77,,81,1027.9,
Lebrija,2024-12-18,53.3,65.7,45.2,5.0,3,2024-12-18T07:32,2024-12-18T17:09,29067.63,0.0,0.0,58,,79,1026.6,
Lebrija,2024-12-19,56.9,65.4,50.6,8.5,61,2024-12-19T07:32,2024-12-19T17:10,21620.66,0.106,0.0,83,,85,1023.6,
Lebrija,2024-12-20,51.1,60.1,44.6,10.5,3,2024-12-20T07:33,2024-12-20T17:10,29548.64,0.0,0.0,30,,84,1023.0,
Lebrija,2024-12-21,50.0,60.8,43.3,11.3,0,2024-12-21T07:33,2024-12-21T17:11,31137.66,0.0,0.0,1,,59,1024.1,
Lebrija,2024-12-22,49.1,62.5,41.5,8.0,0,2024-12-22T07:34,2024-12-22T17:11,31141.2,0.0,0.0,0,,71,1024.5,
Lebrija,2024-12-23,51.3,64.5,41.4,16.6,0,2024-12-23T07:34,2024-12-23T17:12,31148.59,0.0,0.0,0,,63,1020.0,
Lebrija,2024-12-24,51.0,62.6,43.5,12.2,1,2024-12-24T07:35,2024-12-24T17:12,31159.8,0.0,0.0,5,,64,1020.6,
Lebrija,2024-12-25,49.1,63.5,39.2,6.2,3,2024-12-25T07:35,2024-12-25T17:13,31174.77,0.0,0.0,6,,77,1020.4,
Lebrija,2024-12-26,52.5,67.9,42.7,6.5,0,2024-12-26T07:35,2024-12-26T17:14,31193.48,0.0,0.0,1,,75,1020.1,
Lebrija,2024-12-27,50.6,65.2,41.6,4.7,3,2024-12-27T07:36,2024-12-27T17:14,31215.87,0.0,0.0,11,,82,1021.4,
Lebrija,2024-12-28,50.7,63.6,42.2,6.5,2,2024-12-28T07:36,2024-12-28T17:15,31241.9,0.0,0.0,10,,78,1022.3,
Lebrija,2024-12-29,51.0,63.3,42.1,8.6,2,2024-12-29T07:36,2024-12-29T17:16,31271.52,0.0,0.0,22,,79,1021.8,
Lebrija,2024-12-30,51.1,63.3,42.3,8.5,1,2024-12-30T07:36,2024-12-30T17:16,31304.68,0.0,0.0,10,,76,1022.6,
Lebrija,2024-12-31,48.6,61.6,39.5,4.5,0,2024-12-31T07:37,2024-12-31T17:17,31341.34,0.0,0.0,3,,78,1022.8,
